is_dropout_outcome,source_id,status_code,status_observed_at,student_ref
false,v59-empty-program-students,dang_hoc,,s-00518c9485a9
false,v59-empty-program-students,dang_hoc,,s-0061728bd51d
false,v59-empty-program-students,dang_hoc,,s-0065c1d21bfd
false,v59-empty-program-students,dang_hoc,,s-0075b2e0d490
false,v59-empty-program-students,dang_hoc,,s-00c4a43cf58d
true,v59-empty-program-students,buoc_thoi_hoc,,s-019524f8f480
false,v59-empty-program-students,dang_hoc,,s-0198c1be33d6
false,v59-empty-program-students,dang_hoc,,s-02592401a1df
false,v59-empty-program-students,dang_hoc,,s-025953cdfa78
false,v59-empty-program-students,dang_hoc,,s-0309240c3098
false,v59-empty-program-students,dang_hoc,,s-03fa735bbdad
false,v59-empty-program-students,dang_hoc,,s-04b93ad2aa93
false,v59-empty-program-students,dang_hoc,,s-04eed4d8a224
false,v59-empty-program-students,dang_hoc,,s-05069e7b7252
false,v59-empty-program-students,dang_hoc,,s-0520a6eb5e4b
false,v59-empty-program-students,dang_hoc,,s-055724dde246
false,v59-empty-program-students,dang_hoc,,s-0611a37ee730
false,v59-empty-program-students,dang_hoc,,s-06c30f3d81a1
false,v59-empty-program-students,dang_hoc,,s-0829e3d5a77a
false,v59-empty-program-students,dang_hoc,,s-083d167caf9d
false,v59-empty-program-students,dang_hoc,,s-089c5e238092
false,v59-empty-program-students,dang_hoc,,s-08a36ecf6c76
false,v59-empty-program-students,dang_hoc,,s-09121a7d1e6b
false,v59-empty-program-students,dang_hoc,,s-091d6b414e55
false,v59-empty-program-students,dang_hoc,,s-09373e6fbb2c
false,v59-empty-program-students,dang_hoc,,s-09b734dfdf59
false,v59-empty-program-students,dang_hoc,,s-0a16f66e4971
false,v59-empty-program-students,dang_hoc,,s-0a2474909ee6
false,v59-empty-program-students,dang_hoc,,s-0a2e8c18532a
false,v59-empty-program-students,dang_hoc,,s-0a50bede9d8d
false,v59-empty-program-students,dang_hoc,,s-0ab3418e3509
false,v59-empty-program-students,dang_hoc,,s-0b2052469840
false,v59-empty-program-students,dang_hoc,,s-0be47342c057
false,v59-empty-program-students,dang_hoc,,s-0c081e27e9eb
false,v59-empty-program-students,dang_hoc,,s-0c2d19e3f228
false,v59-empty-program-students,dang_hoc,,s-0c2da8775dc1
false,v59-empty-program-students,dang_hoc,,s-0c3ac17e1cb9
false,v59-empty-program-students,dang_hoc,,s-0c8a76ca4c56
false,v59-empty-program-students,dang_hoc,,s-0c9b5755e058
false,v59-empty-program-students,dang_hoc,,s-0dfbe4b59811
false,v59-empty-program-students,dang_hoc,,s-0e11bb928811
false,v59-empty-program-students,dang_hoc,,s-0e21585956b4
false,v59-empty-program-students,dang_hoc,,s-0e84a610702a
false,v59-empty-program-students,dang_hoc,,s-0eb022f81b69
false,v59-empty-program-students,dang_hoc,,s-0f38348ddf68
false,v59-empty-program-students,dang_hoc,,s-108b441e3850
false,v59-empty-program-students,dang_hoc,,s-10b60a13227d
false,v59-empty-program-students,dang_hoc,,s-10d53822204b
false,v59-empty-program-students,dang_hoc,,s-114a09f3b294
true,v59-empty-program-students,thoi_hoc,,s-11717e79940d
false,v59-empty-program-students,dang_hoc,,s-128750ad08c5
true,v59-empty-program-students,thoi_hoc,,s-142e5e22eac2
false,v59-empty-program-students,dang_hoc,,s-145605a1afaf
false,v59-empty-program-students,dang_hoc,,s-1498dbaec2fc
false,v59-empty-program-students,dang_hoc,,s-1572e1883e1a
false,v59-empty-program-students,dang_hoc,,s-15cbc4c6ef73
false,v59-empty-program-students,dang_hoc,,s-15e762714f16
false,v59-empty-program-students,dang_hoc,,s-160e3fcded77
false,v59-empty-program-students,dang_hoc,,s-16341d39162d
false,v59-empty-program-students,dang_hoc,,s-1676f426ec6d
false,v59-empty-program-students,dang_hoc,,s-170b292186dd
true,v59-empty-program-students,buoc_thoi_hoc,,s-1929a86dd4c4
false,v59-empty-program-students,dang_hoc,,s-19f1efe6375e
false,v59-empty-program-students,dang_hoc,,s-1a5b30c7759b
false,v59-empty-program-students,dang_hoc,,s-1a9ce96f593c
false,v59-empty-program-students,dang_hoc,,s-1b2ced713124
false,v59-empty-program-students,dang_hoc,,s-1c0039dca7af
true,v59-empty-program-students,buoc_thoi_hoc,,s-1c216395f07e
false,v59-empty-program-students,dang_hoc,,s-1d4aa8eced67
false,v59-empty-program-students,dang_hoc,,s-1e5c228366c3
false,v59-empty-program-students,dang_hoc,,s-1ee174c908a7
false,v59-empty-program-students,dang_hoc,,s-1fae1a2e29d1
false,v59-empty-program-students,dang_hoc,,s-1fb9f6474104
true,v59-empty-program-students,buoc_thoi_hoc,,s-1fc90b159151
false,v59-empty-program-students,dang_hoc,,s-1fd228c198b2
false,v59-empty-program-students,dang_hoc,,s-201523579a72
false,v59-empty-program-students,dang_hoc,,s-206bf866b6b5
false,v59-empty-program-students,dang_hoc,,s-20b80c4d1c5d
false,v59-empty-program-students,dang_hoc,,s-20e22a5a53d3
false,v59-empty-program-students,dang_hoc,,s-217f8ee1c5df
false,v59-empty-program-students,dang_hoc,,s-221ab3528783
false,v59-empty-program-students,dang_hoc,,s-2252056044d0
false,v59-empty-program-students,dang_hoc,,s-2252f928b0ba
false,v59-empty-program-students,dang_hoc,,s-229f291ab536
false,v59-empty-program-students,dang_hoc,,s-23785f850647
false,v59-empty-program-students,dang_hoc,,s-237a89692ef6
false,v59-empty-program-students,dang_hoc,,s-23a413a893fe
false,v59-empty-program-students,dang_hoc,,s-248a56bc672e
false,v59-empty-program-students,dang_hoc,,s-24ff1ddbe1de
false,v59-empty-program-students,dang_hoc,,s-256d763127a0
false,v59-empty-program-students,dang_hoc,,s-26678279b863
false,v59-empty-program-students,dang_hoc,,s-26b24e52b136
false,v59-empty-program-students,dang_hoc,,s-274e611e9354
false,v59-empty-program-students,dang_hoc,,s-279bdba98ae7
false,v59-empty-program-students,dang_hoc,,s-2830beb06d1f
false,v59-empty-program-students,dang_hoc,,s-2853c88cc5a6
true,v59-empty-program-students,thoi_hoc,,s-285401cd6763
false,v59-empty-program-students,dang_hoc,,s-28685c3daa16
false,v59-empty-program-students,dang_hoc,,s-29da85f026ab
false,v59-empty-program-students,dang_hoc,,s-2b052aae1fb5
false,v59-empty-program-students,dang_hoc,,s-2b2fb2e68195
false,v59-empty-program-students,dang_hoc,,s-2b4f6ab61dec
false,v59-empty-program-students,dang_hoc,,s-2c14ad335a85
true,v59-empty-program-students,thoi_hoc,,s-2ce4021dd7be
false,v59-empty-program-students,dang_hoc,,s-2d79ed79276d
false,v59-empty-program-students,dang_hoc,,s-2e85f1577992
false,v59-empty-program-students,dang_hoc,,s-2f13389364f2
true,v59-empty-program-students,buoc_thoi_hoc,,s-2fab037ccdbc
false,v59-empty-program-students,dang_hoc,,s-2fd111c46908
false,v59-empty-program-students,dang_hoc,,s-30cf39550e37
true,v59-empty-program-students,thoi_hoc,,s-30fe7649220d
false,v59-empty-program-students,dang_hoc,,s-3164077d0a9d
false,v59-empty-program-students,dang_hoc,,s-31baf034df68
true,v59-empty-program-students,buoc_thoi_hoc,,s-31c7b006080c
false,v59-empty-program-students,dang_hoc,,s-32aee644be7c
false,v59-empty-program-students,dang_hoc,,s-32b4d5f4b125
false,v59-empty-program-students,dang_hoc,,s-3367b5e5f836
false,v59-empty-program-students,dang_hoc,,s-33c6f296d291
false,v59-empty-program-students,dang_hoc,,s-33dec1ced5b9
false,v59-empty-program-students,dang_hoc,,s-3623fb071f93
false,v59-empty-program-students,dang_hoc,,s-368254b2345c
false,v59-empty-program-students,dang_hoc,,s-36ce47e1bf81
false,v59-empty-program-students,dang_hoc,,s-3712e01898d0
false,v59-empty-program-students,dang_hoc,,s-38a4991628e3
false,v59-empty-program-students,dang_hoc,,s-38c36768a148
false,v59-empty-program-students,dang_hoc,,s-39d566764840
false,v59-empty-program-students,dang_hoc,,s-3a234bb37467
false,v59-empty-program-students,dang_hoc,,s-3a4a5cb11613
false,v59-empty-program-students,dang_hoc,,s-3ad0f18242d7
false,v59-empty-program-students,dang_hoc,,s-3ad639b01260
false,v59-empty-program-students,dang_hoc,,s-3b00967ea79e
false,v59-empty-program-students,dang_hoc,,s-3b97c672aefe
false,v59-empty-program-students,dang_hoc,,s-3c325f027aba
false,v59-empty-program-students,dang_hoc,,s-3c3cdf85fed3
false,v59-empty-program-students,dang_hoc,,s-3f31cbda51f2
false,v59-empty-program-students,dang_hoc,,s-3f48cfb1f9f7
false,v59-empty-program-students,dang_hoc,,s-3f5a6bdfa81b
false,v59-empty-program-students,dang_hoc,,s-4209c1071584
false,v59-empty-program-students,dang_hoc,,s-42e36e9b1fc3
false,v59-empty-program-students,dang_hoc,,s-451578884680
false,v59-empty-program-students,dang_hoc,,s-4531c8e04414
false,v59-empty-program-students,dang_hoc,,s-455f04eca517
false,v59-empty-program-students,dang_hoc,,s-45e495873609
false,v59-empty-program-students,dang_hoc,,s-476e9d4c08cc
false,v59-empty-program-students,dang_hoc,,s-47759bc9cab4
false,v59-empty-program-students,dang_hoc,,s-4835f9d36da7
false,v59-empty-program-students,dang_hoc,,s-49b508990608
false,v59-empty-program-students,dang_hoc,,s-49c790fb7bf9
false,v59-empty-program-students,dang_hoc,,s-4b85e6d4f61a
false,v59-empty-program-students,dang_hoc,,s-4ef8eb0696c9
false,v59-empty-program-students,dang_hoc,,s-4eff5aaecc7a
false,v59-empty-program-students,dang_hoc,,s-4f2e01ce78bd
false,v59-empty-program-students,dang_hoc,,s-508e74bf33de
false,v59-empty-program-students,dang_hoc,,s-51d97a1f76e7
false,v59-empty-program-students,dang_hoc,,s-51fb5bb40040
false,v59-empty-program-students,dang_hoc,,s-5287aff3b4ca
false,v59-empty-program-students,dang_hoc,,s-52a05d5bfa8f
true,v59-empty-program-students,buoc_thoi_hoc,,s-53632a36cd4d
false,v59-empty-program-students,dang_hoc,,s-53c5a1cf1800
false,v59-empty-program-students,dang_hoc,,s-53e35bf84b38
false,v59-empty-program-students,dang_hoc,,s-54f6fd029990
false,v59-empty-program-students,dang_hoc,,s-56093d3067a5
false,v59-empty-program-students,dang_hoc,,s-562c30e8c813
false,v59-empty-program-students,dang_hoc,,s-568a71ccd1ed
false,v59-empty-program-students,dang_hoc,,s-56d3aed1a041
false,v59-empty-program-students,dang_hoc,,s-56d87ff1fa1d
false,v59-empty-program-students,dang_hoc,,s-5779d50cf112
false,v59-empty-program-students,dang_hoc,,s-5812e2a360a5
false,v59-empty-program-students,dang_hoc,,s-5820a252ea7d
false,v59-empty-program-students,dang_hoc,,s-583744b540b2
false,v59-empty-program-students,dang_hoc,,s-58b4e1ddba9c
false,v59-empty-program-students,dang_hoc,,s-59d8f570fd3d
true,v59-empty-program-students,thoi_hoc,,s-5ae4011c8b91
true,v59-empty-program-students,buoc_thoi_hoc,,s-5b60aa144ea0
false,v59-empty-program-students,dang_hoc,,s-5c17b7e9e774
false,v59-empty-program-students,dang_hoc,,s-5d2880d14839
true,v59-empty-program-students,thoi_hoc,,s-5db7723060e8
false,v59-empty-program-students,dang_hoc,,s-5f9c01544f73
false,v59-empty-program-students,dang_hoc,,s-5fa46247886b
false,v59-empty-program-students,dang_hoc,,s-60552b5d96d6
false,v59-empty-program-students,dang_hoc,,s-60698654f372
false,v59-empty-program-students,dang_hoc,,s-6075f49dadbb
false,v59-empty-program-students,dang_hoc,,s-60ba99672de5
false,v59-empty-program-students,dang_hoc,,s-60cd23717233
false,v59-empty-program-students,dang_hoc,,s-614995631c0a
false,v59-empty-program-students,dang_hoc,,s-620f2edcc5c4
false,v59-empty-program-students,dang_hoc,,s-62fd399b4fb8
false,v59-empty-program-students,dang_hoc,,s-6410b9d0acde
false,v59-empty-program-students,dang_hoc,,s-645ab770c629
false,v59-empty-program-students,dang_hoc,,s-64aaeb8f4a27
false,v59-empty-program-students,dang_hoc,,s-64ca77e9dcd2
false,v59-empty-program-students,dang_hoc,,s-6506af93cf7c
false,v59-empty-program-students,dang_hoc,,s-65fbd6c92719
false,v59-empty-program-students,dang_hoc,,s-66d7c78490f3
false,v59-empty-program-students,dang_hoc,,s-693a4f3e6a0d
false,v59-empty-program-students,dang_hoc,,s-69aa083b5c8c
false,v59-empty-program-students,dang_hoc,,s-69f43cd9b2b7
false,v59-empty-program-students,dang_hoc,,s-6a0ede3d995a
false,v59-empty-program-students,dang_hoc,,s-6a56102b096a
true,v59-empty-program-students,buoc_thoi_hoc,,s-6a5f8a379a1a
false,v59-empty-program-students,dang_hoc,,s-6b52bb5a227a
false,v59-empty-program-students,dang_hoc,,s-6b6c8c65ba64
false,v59-empty-program-students,dang_hoc,,s-6c426952abd1
false,v59-empty-program-students,dang_hoc,,s-6c58170a073f
false,v59-empty-program-students,dang_hoc,,s-6c6227b66c5f
false,v59-empty-program-students,dang_hoc,,s-6c8d612444fd
false,v59-empty-program-students,dang_hoc,,s-6c9da419dbdf
true,v59-empty-program-students,thoi_hoc,,s-6e117b714e72
false,v59-empty-program-students,dang_hoc,,s-6e31a81a6176
true,v59-empty-program-students,buoc_thoi_hoc,,s-6e61b87f4f50
false,v59-empty-program-students,dang_hoc,,s-6eb9a1d6c805
false,v59-empty-program-students,dang_hoc,,s-6f1c3ed0768c
false,v59-empty-program-students,dang_hoc,,s-6f801ad342f9
false,v59-empty-program-students,dang_hoc,,s-6f83265eb998
false,v59-empty-program-students,dang_hoc,,s-6fd81bea8536
false,v59-empty-program-students,dang_hoc,,s-700ccc2d991c
false,v59-empty-program-students,dang_hoc,,s-707013f4824b
true,v59-empty-program-students,buoc_thoi_hoc,,s-707cde93c298
false,v59-empty-program-students,dang_hoc,,s-70f66d8598a6
false,v59-empty-program-students,dang_hoc,,s-71cba0d0621d
false,v59-empty-program-students,dang_hoc,,s-72a52faa1044
false,v59-empty-program-students,dang_hoc,,s-735f2c0fb697
false,v59-empty-program-students,dang_hoc,,s-736fd7518b38
false,v59-empty-program-students,dang_hoc,,s-7387ffedb673
false,v59-empty-program-students,dang_hoc,,s-74f4f8bdb330
false,v59-empty-program-students,dang_hoc,,s-751137d0bc15
false,v59-empty-program-students,dang_hoc,,s-75815a205e88
false,v59-empty-program-students,dang_hoc,,s-758f1b79dee7
true,v59-empty-program-students,thoi_hoc,,s-75b8fc7256c2
false,v59-empty-program-students,dang_hoc,,s-769cd062ac90
false,v59-empty-program-students,dang_hoc,,s-77441cb89bad
false,v59-empty-program-students,dang_hoc,,s-77848dfbd737
false,v59-empty-program-students,dang_hoc,,s-77c2b642c062
false,v59-empty-program-students,dang_hoc,,s-785630fd455a
false,v59-empty-program-students,dang_hoc,,s-79c8aa651a1f
false,v59-empty-program-students,dang_hoc,,s-79fe6f5d57c9
false,v59-empty-program-students,dang_hoc,,s-7b0a7ee48175
false,v59-empty-program-students,dang_hoc,,s-7c22aacb8973
false,v59-empty-program-students,dang_hoc,,s-7c4db2f1e85f
false,v59-empty-program-students,dang_hoc,,s-7d5ef284abb7
false,v59-empty-program-students,dang_hoc,,s-7ea81d4c7fd5
false,v59-empty-program-students,dang_hoc,,s-7f2e0fef90b0
false,v59-empty-program-students,dang_hoc,,s-806c6b51ee4f
false,v59-empty-program-students,dang_hoc,,s-81d929b9d3b8
true,v59-empty-program-students,thoi_hoc,,s-8201501a9bc5
true,v59-empty-program-students,buoc_thoi_hoc,,s-824e327bffb1
false,v59-empty-program-students,dang_hoc,,s-827a4b1bee96
false,v59-empty-program-students,dang_hoc,,s-82d4f23c0351
false,v59-empty-program-students,dang_hoc,,s-8317f53e24f2
false,v59-empty-program-students,dang_hoc,,s-8324bb5673bc
false,v59-empty-program-students,dang_hoc,,s-832e17794621
false,v59-empty-program-students,dang_hoc,,s-833c0ef64d32
false,v59-empty-program-students,dang_hoc,,s-83e27823c64d
false,v59-empty-program-students,dang_hoc,,s-842157a97c28
false,v59-empty-program-students,dang_hoc,,s-845b2886c1d7
false,v59-empty-program-students,dang_hoc,,s-84d663545615
true,v59-empty-program-students,buoc_thoi_hoc,,s-856066818b10
false,v59-empty-program-students,dang_hoc,,s-859419d0f7b0
false,v59-empty-program-students,dang_hoc,,s-85afef2a6604
false,v59-empty-program-students,dang_hoc,,s-86b200a95eee
false,v59-empty-program-students,dang_hoc,,s-877e36c5dc3e
true,v59-empty-program-students,buoc_thoi_hoc,,s-8858d49fe514
false,v59-empty-program-students,dang_hoc,,s-88b1e7b5fa2e
false,v59-empty-program-students,dang_hoc,,s-89aa1593b6ef
false,v59-empty-program-students,dang_hoc,,s-8a0d9b088e50
false,v59-empty-program-students,dang_hoc,,s-8a41aaed2322
false,v59-empty-program-students,dang_hoc,,s-8a61009c7ece
false,v59-empty-program-students,dang_hoc,,s-8b04cf57b74f
false,v59-empty-program-students,dang_hoc,,s-8b793713ef46
false,v59-empty-program-students,dang_hoc,,s-8ccae767d0a9
false,v59-empty-program-students,dang_hoc,,s-8e71e2d1cc3f
false,v59-empty-program-students,dang_hoc,,s-8f5bab86c776
false,v59-empty-program-students,dang_hoc,,s-8ff1f6c40adb
false,v59-empty-program-students,dang_hoc,,s-8ffb86208b2f
false,v59-empty-program-students,dang_hoc,,s-907be94a7e4a
true,v59-empty-program-students,buoc_thoi_hoc,,s-9084f4487a97
false,v59-empty-program-students,dang_hoc,,s-90b1ba4e698e
false,v59-empty-program-students,dang_hoc,,s-91073552e467
true,v59-empty-program-students,thoi_hoc,,s-9227c753b487
false,v59-empty-program-students,dang_hoc,,s-92525e325855
true,v59-empty-program-students,buoc_thoi_hoc,,s-927a623e4616
false,v59-empty-program-students,dang_hoc,,s-9548e69ab891
true,v59-empty-program-students,buoc_thoi_hoc,,s-9599d7887785
false,v59-empty-program-students,dang_hoc,,s-960e7eaf672c
false,v59-empty-program-students,dang_hoc,,s-97601900382d
false,v59-empty-program-students,dang_hoc,,s-977a94991f45
true,v59-empty-program-students,thoi_hoc,,s-977decbb20cc
false,v59-empty-program-students,dang_hoc,,s-98a9fcff5a4a
false,v59-empty-program-students,dang_hoc,,s-99c85a64b569
false,v59-empty-program-students,dang_hoc,,s-99cb1b55c972
false,v59-empty-program-students,dang_hoc,,s-99e16c2a4b30
false,v59-empty-program-students,dang_hoc,,s-9a38665f44d1
true,v59-empty-program-students,buoc_thoi_hoc,,s-9a3f92495591
false,v59-empty-program-students,dang_hoc,,s-9a8025321b67
false,v59-empty-program-students,dang_hoc,,s-9adb355fdb54
false,v59-empty-program-students,dang_hoc,,s-9b0f6b0d235b
false,v59-empty-program-students,dang_hoc,,s-9b5ddbd6d32a
false,v59-empty-program-students,dang_hoc,,s-9b61a705c336
false,v59-empty-program-students,dang_hoc,,s-9ba00470f42e
false,v59-empty-program-students,dang_hoc,,s-9c2cd825d57b
false,v59-empty-program-students,dang_hoc,,s-9d448ee7d333
false,v59-empty-program-students,dang_hoc,,s-9d7c77be97bc
false,v59-empty-program-students,dang_hoc,,s-9dd6692c84f3
false,v59-empty-program-students,dang_hoc,,s-9ddc4e9a7c86
false,v59-empty-program-students,dang_hoc,,s-9e4370735bf9
false,v59-empty-program-students,dang_hoc,,s-9f2418da504e
false,v59-empty-program-students,dang_hoc,,s-9f841cc9259b
false,v59-empty-program-students,dang_hoc,,s-a0ad9b1340d9
false,v59-empty-program-students,dang_hoc,,s-a0c7d6503200
false,v59-empty-program-students,dang_hoc,,s-a0f3604d7e0d
false,v59-empty-program-students,dang_hoc,,s-a144e8ac6bcd
false,v59-empty-program-students,dang_hoc,,s-a226bbd1f898
false,v59-empty-program-students,dang_hoc,,s-a30e04130c5b
false,v59-empty-program-students,dang_hoc,,s-a321925c026d
false,v59-empty-program-students,dang_hoc,,s-a36abbe81eff
false,v59-empty-program-students,dang_hoc,,s-a493f57a8ffb
false,v59-empty-program-students,dang_hoc,,s-a4e02686db76
false,v59-empty-program-students,dang_hoc,,s-a54638a2de27
false,v59-empty-program-students,dang_hoc,,s-a6f8da67dc92
false,v59-empty-program-students,dang_hoc,,s-a79b6f6a1ed2
true,v59-empty-program-students,thoi_hoc,,s-a86fdad5b7c3
false,v59-empty-program-students,dang_hoc,,s-a89b49e3704d
true,v59-empty-program-students,buoc_thoi_hoc,,s-a907d56819ad
false,v59-empty-program-students,dang_hoc,,s-a97b8bd2f569
false,v59-empty-program-students,dang_hoc,,s-a9ef9c4b52ec
false,v59-empty-program-students,dang_hoc,,s-aadc8a5b06b5
false,v59-empty-program-students,dang_hoc,,s-ab512e694eef
false,v59-empty-program-students,dang_hoc,,s-ac0db752a42f
false,v59-empty-program-students,dang_hoc,,s-ac3693349362
true,v59-empty-program-students,buoc_thoi_hoc,,s-ac7b1120b792
false,v59-empty-program-students,dang_hoc,,s-acd6c69c2134
false,v59-empty-program-students,dang_hoc,,s-adc7ed60cd5d
false,v59-empty-program-students,dang_hoc,,s-add7636cc3c5
false,v59-empty-program-students,dang_hoc,,s-af6401748616
false,v59-empty-program-students,dang_hoc,,s-b09eabd7cb78
false,v59-empty-program-students,dang_hoc,,s-b13467da142e
false,v59-empty-program-students,dang_hoc,,s-b14f82ee5732
false,v59-empty-program-students,dang_hoc,,s-b23b5f9de80f
false,v59-empty-program-students,dang_hoc,,s-b45726037803
false,v59-empty-program-students,dang_hoc,,s-b4acbae36afc
false,v59-empty-program-students,dang_hoc,,s-b4f748c5018b
false,v59-empty-program-students,dang_hoc,,s-b562d5e46043
false,v59-empty-program-students,dang_hoc,,s-b78044a8d1d7
true,v59-empty-program-students,buoc_thoi_hoc,,s-b7c693328035
false,v59-empty-program-students,dang_hoc,,s-b81348b7f810
false,v59-empty-program-students,dang_hoc,,s-b82299b9e4fe
false,v59-empty-program-students,dang_hoc,,s-b84f6de0f0fe
false,v59-empty-program-students,dang_hoc,,s-ba7e890af310
false,v59-empty-program-students,dang_hoc,,s-bb7b6c7ae395
false,v59-empty-program-students,dang_hoc,,s-bbd3d3619fb3
false,v59-empty-program-students,dang_hoc,,s-bc334b6853ed
false,v59-empty-program-students,dang_hoc,,s-bc33a5275e53
false,v59-empty-program-students,dang_hoc,,s-bd39f8916b42
false,v59-empty-program-students,dang_hoc,,s-bdd154cbed4e
false,v59-empty-program-students,dang_hoc,,s-bdf68355dde6
false,v59-empty-program-students,dang_hoc,,s-bef462bf3b76
false,v59-empty-program-students,dang_hoc,,s-bfbb5a77e7c3
false,v59-empty-program-students,dang_hoc,,s-bfe6043747f0
true,v59-empty-program-students,thoi_hoc,,s-c0450d07a1f7
false,v59-empty-program-students,dang_hoc,,s-c04c205fcaad
false,v59-empty-program-students,dang_hoc,,s-c131bcd8e9d6
false,v59-empty-program-students,dang_hoc,,s-c32824cbdd57
false,v59-empty-program-students,dang_hoc,,s-c3bef431e4e7
false,v59-empty-program-students,dang_hoc,,s-c425d37fd473
true,v59-empty-program-students,thoi_hoc,,s-c437b388c87d
false,v59-empty-program-students,dang_hoc,,s-c445589cd13e
false,v59-empty-program-students,dang_hoc,,s-c483a4d1218b
false,v59-empty-program-students,dang_hoc,,s-c4b12c688e51
false,v59-empty-program-students,dang_hoc,,s-c5544a1c34d1
false,v59-empty-program-students,dang_hoc,,s-c69b87b2553f
true,v59-empty-program-students,thoi_hoc,,s-c6d56880d3c7
false,v59-empty-program-students,dang_hoc,,s-c7b294fa9eb5
false,v59-empty-program-students,dang_hoc,,s-c7e839cacf4d
true,v59-empty-program-students,thoi_hoc,,s-c8a1c1c52365
false,v59-empty-program-students,dang_hoc,,s-c963d46e1a73
false,v59-empty-program-students,dang_hoc,,s-c96b59a125fd
false,v59-empty-program-students,dang_hoc,,s-ca0bd28e6db2
false,v59-empty-program-students,dang_hoc,,s-cbd5462c1e04
false,v59-empty-program-students,dang_hoc,,s-cbea5672ef90
false,v59-empty-program-students,dang_hoc,,s-cc0f57300427
false,v59-empty-program-students,dang_hoc,,s-cc6809135f9b
false,v59-empty-program-students,dang_hoc,,s-cc8e7c1bac05
false,v59-empty-program-students,dang_hoc,,s-ccd1a302cb73
false,v59-empty-program-students,dang_hoc,,s-cd7b746ad29d
false,v59-empty-program-students,dang_hoc,,s-cdd000b7717b
true,v59-empty-program-students,thoi_hoc,,s-cdec5a6a1da3
false,v59-empty-program-students,dang_hoc,,s-cdee5d9dfabd
false,v59-empty-program-students,dang_hoc,,s-cdf1f08c7ed8
true,v59-empty-program-students,thoi_hoc,,s-cece8f2311b7
false,v59-empty-program-students,dang_hoc,,s-ceefda85303b
false,v59-empty-program-students,dang_hoc,,s-cef5e69ed1b0
false,v59-empty-program-students,dang_hoc,,s-cf7e562d53f8
false,v59-empty-program-students,dang_hoc,,s-d2fcda3c0413
false,v59-empty-program-students,dang_hoc,,s-d4d5c7e68fa8
false,v59-empty-program-students,dang_hoc,,s-d5b3ed75a41b
false,v59-empty-program-students,dang_hoc,,s-d5f64fee08fe
false,v59-empty-program-students,dang_hoc,,s-d67c37009a0d
false,v59-empty-program-students,dang_hoc,,s-d754bc685653
false,v59-empty-program-students,dang_hoc,,s-d77213b5c92b
false,v59-empty-program-students,dang_hoc,,s-d7ae9dbceb84
false,v59-empty-program-students,dang_hoc,,s-d81c51e33e29
true,v59-empty-program-students,thoi_hoc,,s-d8fe9bf4f84b
false,v59-empty-program-students,dang_hoc,,s-d9912dc8aef5
false,v59-empty-program-students,dang_hoc,,s-d9d99ee811f9
false,v59-empty-program-students,dang_hoc,,s-d9ffaedf1d71
false,v59-empty-program-students,dang_hoc,,s-db24307ebefe
false,v59-empty-program-students,dang_hoc,,s-db48e0d9a7ed
false,v59-empty-program-students,dang_hoc,,s-db884e1702c2
false,v59-empty-program-students,dang_hoc,,s-dc02c574ae83
false,v59-empty-program-students,dang_hoc,,s-dd144059fd59
false,v59-empty-program-students,dang_hoc,,s-dd242cc5614e
false,v59-empty-program-students,dang_hoc,,s-dfa567778c7b
false,v59-empty-program-students,dang_hoc,,s-e0b59d6cde49
false,v59-empty-program-students,dang_hoc,,s-e19d9191b697
false,v59-empty-program-students,dang_hoc,,s-e1dfee4f1cd0
false,v59-empty-program-students,dang_hoc,,s-e212bb6a67b2
false,v59-empty-program-students,dang_hoc,,s-e253d4b7027d
true,v59-empty-program-students,thoi_hoc,,s-e25468be8bd4
false,v59-empty-program-students,dang_hoc,,s-e3f0c4a0297e
false,v59-empty-program-students,dang_hoc,,s-e45d6b310925
false,v59-empty-program-students,dang_hoc,,s-e54a9f22da51
false,v59-empty-program-students,dang_hoc,,s-e648b2e29959
false,v59-empty-program-students,dang_hoc,,s-e675e218f4fe
false,v59-empty-program-students,dang_hoc,,s-e6a88c12da2f
false,v59-empty-program-students,dang_hoc,,s-e776d944b8bc
false,v59-empty-program-students,dang_hoc,,s-e7832d371831
false,v59-empty-program-students,dang_hoc,,s-e7892dae6478
false,v59-empty-program-students,dang_hoc,,s-ea4e8862982e
false,v59-empty-program-students,dang_hoc,,s-ec7059167e77
false,v59-empty-program-students,dang_hoc,,s-eccec2fe16eb
false,v59-empty-program-students,dang_hoc,,s-ecd0e6e1c319
true,v59-empty-program-students,buoc_thoi_hoc,,s-ed6cfe0abe50
true,v59-empty-program-students,thoi_hoc,,s-edffad1b3c61
false,v59-empty-program-students,dang_hoc,,s-efd83ae55242
false,v59-empty-program-students,dang_hoc,,s-f09a9cb9a0e3
false,v59-empty-program-students,dang_hoc,,s-f11c48188832
true,v59-empty-program-students,thoi_hoc,,s-f126dcab70cc
false,v59-empty-program-students,dang_hoc,,s-f149d1e7566a
false,v59-empty-program-students,dang_hoc,,s-f2d3fb038b2e
false,v59-empty-program-students,dang_hoc,,s-f33868cb84b2
false,v59-empty-program-students,dang_hoc,,s-f37944a258f4
false,v59-empty-program-students,dang_hoc,,s-f40834a5feef
false,v59-empty-program-students,dang_hoc,,s-f464438b70ec
false,v59-empty-program-students,dang_hoc,,s-f4c40df6fb2d
false,v59-empty-program-students,dang_hoc,,s-f5565fb6e7ed
true,v59-empty-program-students,buoc_thoi_hoc,,s-f5882e6fc5c9
false,v59-empty-program-students,dang_hoc,,s-f5c9b3bf1242
false,v59-empty-program-students,dang_hoc,,s-f5d3ded02e0e
false,v59-empty-program-students,dang_hoc,,s-f5eefa2ceb41
false,v59-empty-program-students,dang_hoc,,s-f6d29bde6f0b
false,v59-empty-program-students,dang_hoc,,s-f773408e5612
false,v59-empty-program-students,dang_hoc,,s-f9467add15a8
false,v59-empty-program-students,dang_hoc,,s-f94b4d86dff1
false,v59-empty-program-students,dang_hoc,,s-f9992cdc4127
false,v59-empty-program-students,dang_hoc,,s-fbf3db6fd68b
false,v59-empty-program-students,dang_hoc,,s-fcea8b8e20cf
false,v59-empty-program-students,dang_hoc,,s-fe1b18172353
false,v59-empty-program-students,dang_hoc,,s-fedf76b1dd7b
false,v59-empty-program-students,dang_hoc,,s-ff0548cbad2d
false,v59-empty-program-students,dang_hoc,,s-ff785d830a8d
