class_code,cohort,department,major,program,source_id,student_ref
V59P35A,2022,Khoa Công nghệ Thông tin,Mạng máy tính và truyền thông dữ liệu,Mạng máy tính và truyền thông dữ liệu,v59-empty-program-students,s-00518c9485a9
V59P29A,2022,Khoa Khoa học Cơ bản,Toán tin,Toán tin,v59-empty-program-students,s-0061728bd51d
V59P28A,2022,Khoa Kế toán - Tài chính,Công nghệ tài chính,Công nghệ tài chính,v59-empty-program-students,s-0065c1d21bfd
V59P29A,2022,Khoa Khoa học Cơ bản,Toán tin,Toán tin,v59-empty-program-students,s-0075b2e0d490
V59P40A,2022,Khoa Lý luận chính trị,Chưa phân loại,Chưa phân ngành,v59-empty-program-students,s-00c4a43cf58d
V59P36A,2022,Khoa Quản lý Công nghiệp và Năng lượng,Kỹ thuật công nghiệp,Kỹ thuật công nghiệp,v59-empty-program-students,s-019524f8f480
V59P20A,2022,Khoa Năng lượng mới,Công nghệ kỹ thuật môi trường,Công nghệ kỹ thuật môi trường,v59-empty-program-students,s-0198c1be33d6
V59P23A,2022,Khoa Công nghệ Thông tin,Khoa học dữ liệu,Khoa học dữ liệu,v59-empty-program-students,s-02592401a1df
V59P22A,2022,Khoa Điều khiển và Tự động hóa,Kỹ thuật Robot,Kỹ thuật Robot,v59-empty-program-students,s-025953cdfa78
V59P23A,2022,Khoa Công nghệ Thông tin,Khoa học dữ liệu,Khoa học dữ liệu,v59-empty-program-students,s-0309240c3098
V59P40A,2022,Khoa Lý luận chính trị,Chưa phân loại,Chưa phân ngành,v59-empty-program-students,s-03fa735bbdad
V59P23A,2022,Khoa Công nghệ Thông tin,Khoa học dữ liệu,Khoa học dữ liệu,v59-empty-program-students,s-04b93ad2aa93
V59P32A,2022,Khoa Năng lượng mới,Công nghệ vật liệu,Công nghệ vật liệu,v59-empty-program-students,s-04eed4d8a224
V59P22A,2022,Khoa Điều khiển và Tự động hóa,Kỹ thuật Robot,Kỹ thuật Robot,v59-empty-program-students,s-05069e7b7252
V59P31A,2022,Khoa Ngoại ngữ,Ngôn ngữ Anh,Ngôn ngữ Anh,v59-empty-program-students,s-0520a6eb5e4b
V59P30A,2022,Khoa Quản trị Kinh doanh và Du lịch,Luật kinh tế,Luật kinh tế,v59-empty-program-students,s-055724dde246
V59P20A,2022,Khoa Năng lượng mới,Công nghệ kỹ thuật môi trường,Công nghệ kỹ thuật môi trường,v59-empty-program-students,s-0611a37ee730
V59P27A,2022,Khoa Quản trị Kinh doanh và Du lịch,Marketing,Marketing,v59-empty-program-students,s-06c30f3d81a1
V59P32A,2022,Khoa Năng lượng mới,Công nghệ vật liệu,Công nghệ vật liệu,v59-empty-program-students,s-0829e3d5a77a
V59P39A,2022,Khoa GDTC & QP,Chưa phân loại,Chưa phân ngành,v59-empty-program-students,s-083d167caf9d
V59P31A,2022,Khoa Ngoại ngữ,Ngôn ngữ Anh,Ngôn ngữ Anh,v59-empty-program-students,s-089c5e238092
V59P37A,2022,Khoa Kỹ thuật điện,Kỹ thuật hệ thống công nghiệp,Kỹ thuật hệ thống công nghiệp,v59-empty-program-students,s-08a36ecf6c76
V59P23A,2022,Khoa Công nghệ Thông tin,Khoa học dữ liệu,Khoa học dữ liệu,v59-empty-program-students,s-09121a7d1e6b
V59P24A,2022,Khoa Điện tử Viễn thông,Kỹ thuật máy tính,Kỹ thuật máy tính,v59-empty-program-students,s-091d6b414e55
V59P25A,2022,Khoa Cơ khí - ô tô và Xây dựng,Công nghệ kỹ thuật ô tô,Công nghệ kỹ thuật ô tô,v59-empty-program-students,s-09373e6fbb2c
V59P34A,2022,Khoa Quản trị Kinh doanh và Du lịch,Kinh doanh quốc tế,Kinh doanh quốc tế,v59-empty-program-students,s-09b734dfdf59
V59P40A,2022,Khoa Lý luận chính trị,Chưa phân loại,Chưa phân ngành,v59-empty-program-students,s-0a16f66e4971
V59P23A,2022,Khoa Công nghệ Thông tin,Khoa học dữ liệu,Khoa học dữ liệu,v59-empty-program-students,s-0a2474909ee6
V59P40A,2022,Khoa Lý luận chính trị,Chưa phân loại,Chưa phân ngành,v59-empty-program-students,s-0a2e8c18532a
V59P35A,2022,Khoa Công nghệ Thông tin,Mạng máy tính và truyền thông dữ liệu,Mạng máy tính và truyền thông dữ liệu,v59-empty-program-students,s-0a50bede9d8d
V59P36A,2022,Khoa Quản lý Công nghiệp và Năng lượng,Kỹ thuật công nghiệp,Kỹ thuật công nghiệp,v59-empty-program-students,s-0ab3418e3509
V59P19A,2022,Khoa Năng lượng mới,Kỹ thuật nhiệt,Kỹ thuật nhiệt,v59-empty-program-students,s-0b2052469840
V59P17A,2022,Khoa Năng lượng mới,Chưa phân loại,Chưa phân ngành,v59-empty-program-students,s-0be47342c057
V59P33A,2022,Khoa Năng lượng mới,Công nghệ kỹ thuật hạt nhân,Công nghệ kỹ thuật hạt nhân,v59-empty-program-students,s-0c081e27e9eb
V59P37A,2022,Khoa Kỹ thuật điện,Kỹ thuật hệ thống công nghiệp,Kỹ thuật hệ thống công nghiệp,v59-empty-program-students,s-0c2d19e3f228
V59P32A,2022,Khoa Năng lượng mới,Công nghệ vật liệu,Công nghệ vật liệu,v59-empty-program-students,s-0c2da8775dc1
V59P25A,2022,Khoa Cơ khí - ô tô và Xây dựng,Công nghệ kỹ thuật ô tô,Công nghệ kỹ thuật ô tô,v59-empty-program-students,s-0c3ac17e1cb9
V59P34A,2022,Khoa Quản trị Kinh doanh và Du lịch,Kinh doanh quốc tế,Kinh doanh quốc tế,v59-empty-program-students,s-0c8a76ca4c56
V59P19A,2022,Khoa Năng lượng mới,Kỹ thuật nhiệt,Kỹ thuật nhiệt,v59-empty-program-students,s-0c9b5755e058
V59P33A,2022,Khoa Năng lượng mới,Công nghệ kỹ thuật hạt nhân,Công nghệ kỹ thuật hạt nhân,v59-empty-program-students,s-0dfbe4b59811
V59P38A,2022,Khoa Năng lượng mới,Vật lý kỹ thuật,Vật lý kỹ thuật,v59-empty-program-students,s-0e11bb928811
V59P32A,2022,Khoa Năng lượng mới,Công nghệ vật liệu,Công nghệ vật liệu,v59-empty-program-students,s-0e21585956b4
V59P32A,2022,Khoa Năng lượng mới,Công nghệ vật liệu,Công nghệ vật liệu,v59-empty-program-students,s-0e84a610702a
V59P29A,2022,Khoa Khoa học Cơ bản,Toán tin,Toán tin,v59-empty-program-students,s-0eb022f81b69
V59P30A,2022,Khoa Quản trị Kinh doanh và Du lịch,Luật kinh tế,Luật kinh tế,v59-empty-program-students,s-0f38348ddf68
V59P17A,2022,Khoa Năng lượng mới,Chưa phân loại,Chưa phân ngành,v59-empty-program-students,s-108b441e3850
V59P18A,2022,Khoa Năng lượng mới,Công nghệ kỹ thuật năng lượng,Công nghệ kỹ thuật năng lượng,v59-empty-program-students,s-10b60a13227d
V59P40A,2022,Khoa Lý luận chính trị,Chưa phân loại,Chưa phân ngành,v59-empty-program-students,s-10d53822204b
V59P33A,2022,Khoa Năng lượng mới,Công nghệ kỹ thuật hạt nhân,Công nghệ kỹ thuật hạt nhân,v59-empty-program-students,s-114a09f3b294
V59P39A,2022,Khoa GDTC & QP,Chưa phân loại,Chưa phân ngành,v59-empty-program-students,s-11717e79940d
V59P24A,2022,Khoa Điện tử Viễn thông,Kỹ thuật máy tính,Kỹ thuật máy tính,v59-empty-program-students,s-128750ad08c5
V59P22A,2022,Khoa Điều khiển và Tự động hóa,Kỹ thuật Robot,Kỹ thuật Robot,v59-empty-program-students,s-142e5e22eac2
V59P17A,2022,Khoa Năng lượng mới,Chưa phân loại,Chưa phân ngành,v59-empty-program-students,s-145605a1afaf
V59P20A,2022,Khoa Năng lượng mới,Công nghệ kỹ thuật môi trường,Công nghệ kỹ thuật môi trường,v59-empty-program-students,s-1498dbaec2fc
V59P18A,2022,Khoa Năng lượng mới,Công nghệ kỹ thuật năng lượng,Công nghệ kỹ thuật năng lượng,v59-empty-program-students,s-1572e1883e1a
V59P28A,2022,Khoa Kế toán - Tài chính,Công nghệ tài chính,Công nghệ tài chính,v59-empty-program-students,s-15cbc4c6ef73
V59P34A,2022,Khoa Quản trị Kinh doanh và Du lịch,Kinh doanh quốc tế,Kinh doanh quốc tế,v59-empty-program-students,s-15e762714f16
V59P35A,2022,Khoa Công nghệ Thông tin,Mạng máy tính và truyền thông dữ liệu,Mạng máy tính và truyền thông dữ liệu,v59-empty-program-students,s-160e3fcded77
V59P18A,2022,Khoa Năng lượng mới,Công nghệ kỹ thuật năng lượng,Công nghệ kỹ thuật năng lượng,v59-empty-program-students,s-16341d39162d
V59P28A,2022,Khoa Kế toán - Tài chính,Công nghệ tài chính,Công nghệ tài chính,v59-empty-program-students,s-1676f426ec6d
V59P27A,2022,Khoa Quản trị Kinh doanh và Du lịch,Marketing,Marketing,v59-empty-program-students,s-170b292186dd
V59P18A,2022,Khoa Năng lượng mới,Công nghệ kỹ thuật năng lượng,Công nghệ kỹ thuật năng lượng,v59-empty-program-students,s-1929a86dd4c4
V59P37A,2022,Khoa Kỹ thuật điện,Kỹ thuật hệ thống công nghiệp,Kỹ thuật hệ thống công nghiệp,v59-empty-program-students,s-19f1efe6375e
V59P40A,2022,Khoa Lý luận chính trị,Chưa phân loại,Chưa phân ngành,v59-empty-program-students,s-1a5b30c7759b
V59P39A,2022,Khoa GDTC & QP,Chưa phân loại,Chưa phân ngành,v59-empty-program-students,s-1a9ce96f593c
V59P38A,2022,Khoa Năng lượng mới,Vật lý kỹ thuật,Vật lý kỹ thuật,v59-empty-program-students,s-1b2ced713124
V59P27A,2022,Khoa Quản trị Kinh doanh và Du lịch,Marketing,Marketing,v59-empty-program-students,s-1c0039dca7af
V59P39A,2022,Khoa GDTC & QP,Chưa phân loại,Chưa phân ngành,v59-empty-program-students,s-1c216395f07e
V59P32A,2022,Khoa Năng lượng mới,Công nghệ vật liệu,Công nghệ vật liệu,v59-empty-program-students,s-1d4aa8eced67
V59P25A,2022,Khoa Cơ khí - ô tô và Xây dựng,Công nghệ kỹ thuật ô tô,Công nghệ kỹ thuật ô tô,v59-empty-program-students,s-1e5c228366c3
V59P28A,2022,Khoa Kế toán - Tài chính,Công nghệ tài chính,Công nghệ tài chính,v59-empty-program-students,s-1ee174c908a7
V59P39A,2022,Khoa GDTC & QP,Chưa phân loại,Chưa phân ngành,v59-empty-program-students,s-1fae1a2e29d1
V59P39A,2022,Khoa GDTC & QP,Chưa phân loại,Chưa phân ngành,v59-empty-program-students,s-1fb9f6474104
V59P20A,2022,Khoa Năng lượng mới,Công nghệ kỹ thuật môi trường,Công nghệ kỹ thuật môi trường,v59-empty-program-students,s-1fc90b159151
V59P26A,2022,Khoa Quản trị Kinh doanh và Du lịch,Quản trị khách sạn,Quản trị khách sạn,v59-empty-program-students,s-1fd228c198b2
V59P34A,2022,Khoa Quản trị Kinh doanh và Du lịch,Kinh doanh quốc tế,Kinh doanh quốc tế,v59-empty-program-students,s-201523579a72
V59P19A,2022,Khoa Năng lượng mới,Kỹ thuật nhiệt,Kỹ thuật nhiệt,v59-empty-program-students,s-206bf866b6b5
V59P18A,2022,Khoa Năng lượng mới,Công nghệ kỹ thuật năng lượng,Công nghệ kỹ thuật năng lượng,v59-empty-program-students,s-20b80c4d1c5d
V59P18A,2022,Khoa Năng lượng mới,Công nghệ kỹ thuật năng lượng,Công nghệ kỹ thuật năng lượng,v59-empty-program-students,s-20e22a5a53d3
V59P31A,2022,Khoa Ngoại ngữ,Ngôn ngữ Anh,Ngôn ngữ Anh,v59-empty-program-students,s-217f8ee1c5df
V59P39A,2022,Khoa GDTC & QP,Chưa phân loại,Chưa phân ngành,v59-empty-program-students,s-221ab3528783
V59P40A,2022,Khoa Lý luận chính trị,Chưa phân loại,Chưa phân ngành,v59-empty-program-students,s-2252056044d0
V59P19A,2022,Khoa Năng lượng mới,Kỹ thuật nhiệt,Kỹ thuật nhiệt,v59-empty-program-students,s-2252f928b0ba
V59P31A,2022,Khoa Ngoại ngữ,Ngôn ngữ Anh,Ngôn ngữ Anh,v59-empty-program-students,s-229f291ab536
V59P40A,2022,Khoa Lý luận chính trị,Chưa phân loại,Chưa phân ngành,v59-empty-program-students,s-23785f850647
V59P37A,2022,Khoa Kỹ thuật điện,Kỹ thuật hệ thống công nghiệp,Kỹ thuật hệ thống công nghiệp,v59-empty-program-students,s-237a89692ef6
V59P27A,2022,Khoa Quản trị Kinh doanh và Du lịch,Marketing,Marketing,v59-empty-program-students,s-23a413a893fe
V59P36A,2022,Khoa Quản lý Công nghiệp và Năng lượng,Kỹ thuật công nghiệp,Kỹ thuật công nghiệp,v59-empty-program-students,s-248a56bc672e
V59P23A,2022,Khoa Công nghệ Thông tin,Khoa học dữ liệu,Khoa học dữ liệu,v59-empty-program-students,s-24ff1ddbe1de
V59P36A,2022,Khoa Quản lý Công nghiệp và Năng lượng,Kỹ thuật công nghiệp,Kỹ thuật công nghiệp,v59-empty-program-students,s-256d763127a0
V59P18A,2022,Khoa Năng lượng mới,Công nghệ kỹ thuật năng lượng,Công nghệ kỹ thuật năng lượng,v59-empty-program-students,s-26678279b863
V59P26A,2022,Khoa Quản trị Kinh doanh và Du lịch,Quản trị khách sạn,Quản trị khách sạn,v59-empty-program-students,s-26b24e52b136
V59P24A,2022,Khoa Điện tử Viễn thông,Kỹ thuật máy tính,Kỹ thuật máy tính,v59-empty-program-students,s-274e611e9354
V59P19A,2022,Khoa Năng lượng mới,Kỹ thuật nhiệt,Kỹ thuật nhiệt,v59-empty-program-students,s-279bdba98ae7
V59P22A,2022,Khoa Điều khiển và Tự động hóa,Kỹ thuật Robot,Kỹ thuật Robot,v59-empty-program-students,s-2830beb06d1f
V59P38A,2022,Khoa Năng lượng mới,Vật lý kỹ thuật,Vật lý kỹ thuật,v59-empty-program-students,s-2853c88cc5a6
V59P34A,2022,Khoa Quản trị Kinh doanh và Du lịch,Kinh doanh quốc tế,Kinh doanh quốc tế,v59-empty-program-students,s-285401cd6763
V59P34A,2022,Khoa Quản trị Kinh doanh và Du lịch,Kinh doanh quốc tế,Kinh doanh quốc tế,v59-empty-program-students,s-28685c3daa16
V59P29A,2022,Khoa Khoa học Cơ bản,Toán tin,Toán tin,v59-empty-program-students,s-29da85f026ab
V59P22A,2022,Khoa Điều khiển và Tự động hóa,Kỹ thuật Robot,Kỹ thuật Robot,v59-empty-program-students,s-2b052aae1fb5
V59P34A,2022,Khoa Quản trị Kinh doanh và Du lịch,Kinh doanh quốc tế,Kinh doanh quốc tế,v59-empty-program-students,s-2b2fb2e68195
V59P20A,2022,Khoa Năng lượng mới,Công nghệ kỹ thuật môi trường,Công nghệ kỹ thuật môi trường,v59-empty-program-students,s-2b4f6ab61dec
V59P31A,2022,Khoa Ngoại ngữ,Ngôn ngữ Anh,Ngôn ngữ Anh,v59-empty-program-students,s-2c14ad335a85
V59P29A,2022,Khoa Khoa học Cơ bản,Toán tin,Toán tin,v59-empty-program-students,s-2ce4021dd7be
V59P38A,2022,Khoa Năng lượng mới,Vật lý kỹ thuật,Vật lý kỹ thuật,v59-empty-program-students,s-2d79ed79276d
V59P23A,2022,Khoa Công nghệ Thông tin,Khoa học dữ liệu,Khoa học dữ liệu,v59-empty-program-students,s-2e85f1577992
V59P32A,2022,Khoa Năng lượng mới,Công nghệ vật liệu,Công nghệ vật liệu,v59-empty-program-students,s-2f13389364f2
V59P27A,2022,Khoa Quản trị Kinh doanh và Du lịch,Marketing,Marketing,v59-empty-program-students,s-2fab037ccdbc
V59P37A,2022,Khoa Kỹ thuật điện,Kỹ thuật hệ thống công nghiệp,Kỹ thuật hệ thống công nghiệp,v59-empty-program-students,s-2fd111c46908
V59P35A,2022,Khoa Công nghệ Thông tin,Mạng máy tính và truyền thông dữ liệu,Mạng máy tính và truyền thông dữ liệu,v59-empty-program-students,s-30cf39550e37
V59P25A,2022,Khoa Cơ khí - ô tô và Xây dựng,Công nghệ kỹ thuật ô tô,Công nghệ kỹ thuật ô tô,v59-empty-program-students,s-30fe7649220d
V59P32A,2022,Khoa Năng lượng mới,Công nghệ vật liệu,Công nghệ vật liệu,v59-empty-program-students,s-3164077d0a9d
V59P29A,2022,Khoa Khoa học Cơ bản,Toán tin,Toán tin,v59-empty-program-students,s-31baf034df68
V59P29A,2022,Khoa Khoa học Cơ bản,Toán tin,Toán tin,v59-empty-program-students,s-31c7b006080c
V59P24A,2022,Khoa Điện tử Viễn thông,Kỹ thuật máy tính,Kỹ thuật máy tính,v59-empty-program-students,s-32aee644be7c
V59P32A,2022,Khoa Năng lượng mới,Công nghệ vật liệu,Công nghệ vật liệu,v59-empty-program-students,s-32b4d5f4b125
V59P35A,2022,Khoa Công nghệ Thông tin,Mạng máy tính và truyền thông dữ liệu,Mạng máy tính và truyền thông dữ liệu,v59-empty-program-students,s-3367b5e5f836
V59P19A,2022,Khoa Năng lượng mới,Kỹ thuật nhiệt,Kỹ thuật nhiệt,v59-empty-program-students,s-33c6f296d291
V59P18A,2022,Khoa Năng lượng mới,Công nghệ kỹ thuật năng lượng,Công nghệ kỹ thuật năng lượng,v59-empty-program-students,s-33dec1ced5b9
V59P25A,2022,Khoa Cơ khí - ô tô và Xây dựng,Công nghệ kỹ thuật ô tô,Công nghệ kỹ thuật ô tô,v59-empty-program-students,s-3623fb071f93
V59P33A,2022,Khoa Năng lượng mới,Công nghệ kỹ thuật hạt nhân,Công nghệ kỹ thuật hạt nhân,v59-empty-program-students,s-368254b2345c
V59P31A,2022,Khoa Ngoại ngữ,Ngôn ngữ Anh,Ngôn ngữ Anh,v59-empty-program-students,s-36ce47e1bf81
V59P40A,2022,Khoa Lý luận chính trị,Chưa phân loại,Chưa phân ngành,v59-empty-program-students,s-3712e01898d0
V59P27A,2022,Khoa Quản trị Kinh doanh và Du lịch,Marketing,Marketing,v59-empty-program-students,s-38a4991628e3
V59P24A,2022,Khoa Điện tử Viễn thông,Kỹ thuật máy tính,Kỹ thuật máy tính,v59-empty-program-students,s-38c36768a148
V59P39A,2022,Khoa GDTC & QP,Chưa phân loại,Chưa phân ngành,v59-empty-program-students,s-39d566764840
V59P26A,2022,Khoa Quản trị Kinh doanh và Du lịch,Quản trị khách sạn,Quản trị khách sạn,v59-empty-program-students,s-3a234bb37467
V59P24A,2022,Khoa Điện tử Viễn thông,Kỹ thuật máy tính,Kỹ thuật máy tính,v59-empty-program-students,s-3a4a5cb11613
V59P17A,2022,Khoa Năng lượng mới,Chưa phân loại,Chưa phân ngành,v59-empty-program-students,s-3ad0f18242d7
V59P34A,2022,Khoa Quản trị Kinh doanh và Du lịch,Kinh doanh quốc tế,Kinh doanh quốc tế,v59-empty-program-students,s-3ad639b01260
V59P34A,2022,Khoa Quản trị Kinh doanh và Du lịch,Kinh doanh quốc tế,Kinh doanh quốc tế,v59-empty-program-students,s-3b00967ea79e
V59P23A,2022,Khoa Công nghệ Thông tin,Khoa học dữ liệu,Khoa học dữ liệu,v59-empty-program-students,s-3b97c672aefe
V59P33A,2022,Khoa Năng lượng mới,Công nghệ kỹ thuật hạt nhân,Công nghệ kỹ thuật hạt nhân,v59-empty-program-students,s-3c325f027aba
V59P25A,2022,Khoa Cơ khí - ô tô và Xây dựng,Công nghệ kỹ thuật ô tô,Công nghệ kỹ thuật ô tô,v59-empty-program-students,s-3c3cdf85fed3
V59P22A,2022,Khoa Điều khiển và Tự động hóa,Kỹ thuật Robot,Kỹ thuật Robot,v59-empty-program-students,s-3f31cbda51f2
V59P25A,2022,Khoa Cơ khí - ô tô và Xây dựng,Công nghệ kỹ thuật ô tô,Công nghệ kỹ thuật ô tô,v59-empty-program-students,s-3f48cfb1f9f7
V59P27A,2022,Khoa Quản trị Kinh doanh và Du lịch,Marketing,Marketing,v59-empty-program-students,s-3f5a6bdfa81b
V59P28A,2022,Khoa Kế toán - Tài chính,Công nghệ tài chính,Công nghệ tài chính,v59-empty-program-students,s-4209c1071584
V59P40A,2022,Khoa Lý luận chính trị,Chưa phân loại,Chưa phân ngành,v59-empty-program-students,s-42e36e9b1fc3
V59P20A,2022,Khoa Năng lượng mới,Công nghệ kỹ thuật môi trường,Công nghệ kỹ thuật môi trường,v59-empty-program-students,s-451578884680
V59P39A,2022,Khoa GDTC & QP,Chưa phân loại,Chưa phân ngành,v59-empty-program-students,s-4531c8e04414
V59P27A,2022,Khoa Quản trị Kinh doanh và Du lịch,Marketing,Marketing,v59-empty-program-students,s-455f04eca517
V59P24A,2022,Khoa Điện tử Viễn thông,Kỹ thuật máy tính,Kỹ thuật máy tính,v59-empty-program-students,s-45e495873609
V59P25A,2022,Khoa Cơ khí - ô tô và Xây dựng,Công nghệ kỹ thuật ô tô,Công nghệ kỹ thuật ô tô,v59-empty-program-students,s-476e9d4c08cc
V59P31A,2022,Khoa Ngoại ngữ,Ngôn ngữ Anh,Ngôn ngữ Anh,v59-empty-program-students,s-47759bc9cab4
V59P33A,2022,Khoa Năng lượng mới,Công nghệ kỹ thuật hạt nhân,Công nghệ kỹ thuật hạt nhân,v59-empty-program-students,s-4835f9d36da7
V59P29A,2022,Khoa Khoa học Cơ bản,Toán tin,Toán tin,v59-empty-program-students,s-49b508990608
V59P26A,2022,Khoa Quản trị Kinh doanh và Du lịch,Quản trị khách sạn,Quản trị khách sạn,v59-empty-program-students,s-49c790fb7bf9
V59P38A,2022,Khoa Năng lượng mới,Vật lý kỹ thuật,Vật lý kỹ thuật,v59-empty-program-students,s-4b85e6d4f61a
V59P33A,2022,Khoa Năng lượng mới,Công nghệ kỹ thuật hạt nhân,Công nghệ kỹ thuật hạt nhân,v59-empty-program-students,s-4ef8eb0696c9
V59P29A,2022,Khoa Khoa học Cơ bản,Toán tin,Toán tin,v59-empty-program-students,s-4eff5aaecc7a
V59P39A,2022,Khoa GDTC & QP,Chưa phân loại,Chưa phân ngành,v59-empty-program-students,s-4f2e01ce78bd
V59P24A,2022,Khoa Điện tử Viễn thông,Kỹ thuật máy tính,Kỹ thuật máy tính,v59-empty-program-students,s-508e74bf33de
V59P34A,2022,Khoa Quản trị Kinh doanh và Du lịch,Kinh doanh quốc tế,Kinh doanh quốc tế,v59-empty-program-students,s-51d97a1f76e7
V59P35A,2022,Khoa Công nghệ Thông tin,Mạng máy tính và truyền thông dữ liệu,Mạng máy tính và truyền thông dữ liệu,v59-empty-program-students,s-51fb5bb40040
V59P36A,2022,Khoa Quản lý Công nghiệp và Năng lượng,Kỹ thuật công nghiệp,Kỹ thuật công nghiệp,v59-empty-program-students,s-5287aff3b4ca
V59P30A,2022,Khoa Quản trị Kinh doanh và Du lịch,Luật kinh tế,Luật kinh tế,v59-empty-program-students,s-52a05d5bfa8f
V59P35A,2022,Khoa Công nghệ Thông tin,Mạng máy tính và truyền thông dữ liệu,Mạng máy tính và truyền thông dữ liệu,v59-empty-program-students,s-53632a36cd4d
V59P30A,2022,Khoa Quản trị Kinh doanh và Du lịch,Luật kinh tế,Luật kinh tế,v59-empty-program-students,s-53c5a1cf1800
V59P17A,2022,Khoa Năng lượng mới,Chưa phân loại,Chưa phân ngành,v59-empty-program-students,s-53e35bf84b38
V59P26A,2022,Khoa Quản trị Kinh doanh và Du lịch,Quản trị khách sạn,Quản trị khách sạn,v59-empty-program-students,s-54f6fd029990
V59P17A,2022,Khoa Năng lượng mới,Chưa phân loại,Chưa phân ngành,v59-empty-program-students,s-56093d3067a5
V59P37A,2022,Khoa Kỹ thuật điện,Kỹ thuật hệ thống công nghiệp,Kỹ thuật hệ thống công nghiệp,v59-empty-program-students,s-562c30e8c813
V59P30A,2022,Khoa Quản trị Kinh doanh và Du lịch,Luật kinh tế,Luật kinh tế,v59-empty-program-students,s-568a71ccd1ed
V59P17A,2022,Khoa Năng lượng mới,Chưa phân loại,Chưa phân ngành,v59-empty-program-students,s-56d3aed1a041
V59P38A,2022,Khoa Năng lượng mới,Vật lý kỹ thuật,Vật lý kỹ thuật,v59-empty-program-students,s-56d87ff1fa1d
V59P22A,2022,Khoa Điều khiển và Tự động hóa,Kỹ thuật Robot,Kỹ thuật Robot,v59-empty-program-students,s-5779d50cf112
V59P19A,2022,Khoa Năng lượng mới,Kỹ thuật nhiệt,Kỹ thuật nhiệt,v59-empty-program-students,s-5812e2a360a5
V59P35A,2022,Khoa Công nghệ Thông tin,Mạng máy tính và truyền thông dữ liệu,Mạng máy tính và truyền thông dữ liệu,v59-empty-program-students,s-5820a252ea7d
V59P28A,2022,Khoa Kế toán - Tài chính,Công nghệ tài chính,Công nghệ tài chính,v59-empty-program-students,s-583744b540b2
V59P20A,2022,Khoa Năng lượng mới,Công nghệ kỹ thuật môi trường,Công nghệ kỹ thuật môi trường,v59-empty-program-students,s-58b4e1ddba9c
V59P19A,2022,Khoa Năng lượng mới,Kỹ thuật nhiệt,Kỹ thuật nhiệt,v59-empty-program-students,s-59d8f570fd3d
V59P36A,2022,Khoa Quản lý Công nghiệp và Năng lượng,Kỹ thuật công nghiệp,Kỹ thuật công nghiệp,v59-empty-program-students,s-5ae4011c8b91
V59P17A,2022,Khoa Năng lượng mới,Chưa phân loại,Chưa phân ngành,v59-empty-program-students,s-5b60aa144ea0
V59P32A,2022,Khoa Năng lượng mới,Công nghệ vật liệu,Công nghệ vật liệu,v59-empty-program-students,s-5c17b7e9e774
V59P31A,2022,Khoa Ngoại ngữ,Ngôn ngữ Anh,Ngôn ngữ Anh,v59-empty-program-students,s-5d2880d14839
V59P35A,2022,Khoa Công nghệ Thông tin,Mạng máy tính và truyền thông dữ liệu,Mạng máy tính và truyền thông dữ liệu,v59-empty-program-students,s-5db7723060e8
V59P26A,2022,Khoa Quản trị Kinh doanh và Du lịch,Quản trị khách sạn,Quản trị khách sạn,v59-empty-program-students,s-5f9c01544f73
V59P20A,2022,Khoa Năng lượng mới,Công nghệ kỹ thuật môi trường,Công nghệ kỹ thuật môi trường,v59-empty-program-students,s-5fa46247886b
V59P36A,2022,Khoa Quản lý Công nghiệp và Năng lượng,Kỹ thuật công nghiệp,Kỹ thuật công nghiệp,v59-empty-program-students,s-60552b5d96d6
V59P31A,2022,Khoa Ngoại ngữ,Ngôn ngữ Anh,Ngôn ngữ Anh,v59-empty-program-students,s-60698654f372
V59P19A,2022,Khoa Năng lượng mới,Kỹ thuật nhiệt,Kỹ thuật nhiệt,v59-empty-program-students,s-6075f49dadbb
V59P30A,2022,Khoa Quản trị Kinh doanh và Du lịch,Luật kinh tế,Luật kinh tế,v59-empty-program-students,s-60ba99672de5
V59P26A,2022,Khoa Quản trị Kinh doanh và Du lịch,Quản trị khách sạn,Quản trị khách sạn,v59-empty-program-students,s-60cd23717233
V59P38A,2022,Khoa Năng lượng mới,Vật lý kỹ thuật,Vật lý kỹ thuật,v59-empty-program-students,s-614995631c0a
V59P30A,2022,Khoa Quản trị Kinh doanh và Du lịch,Luật kinh tế,Luật kinh tế,v59-empty-program-students,s-620f2edcc5c4
V59P36A,2022,Khoa Quản lý Công nghiệp và Năng lượng,Kỹ thuật công nghiệp,Kỹ thuật công nghiệp,v59-empty-program-students,s-62fd399b4fb8
V59P23A,2022,Khoa Công nghệ Thông tin,Khoa học dữ liệu,Khoa học dữ liệu,v59-empty-program-students,s-6410b9d0acde
V59P33A,2022,Khoa Năng lượng mới,Công nghệ kỹ thuật hạt nhân,Công nghệ kỹ thuật hạt nhân,v59-empty-program-students,s-645ab770c629
V59P26A,2022,Khoa Quản trị Kinh doanh và Du lịch,Quản trị khách sạn,Quản trị khách sạn,v59-empty-program-students,s-64aaeb8f4a27
V59P31A,2022,Khoa Ngoại ngữ,Ngôn ngữ Anh,Ngôn ngữ Anh,v59-empty-program-students,s-64ca77e9dcd2
V59P20A,2022,Khoa Năng lượng mới,Công nghệ kỹ thuật môi trường,Công nghệ kỹ thuật môi trường,v59-empty-program-students,s-6506af93cf7c
V59P38A,2022,Khoa Năng lượng mới,Vật lý kỹ thuật,Vật lý kỹ thuật,v59-empty-program-students,s-65fbd6c92719
V59P39A,2022,Khoa GDTC & QP,Chưa phân loại,Chưa phân ngành,v59-empty-program-students,s-66d7c78490f3
V59P40A,2022,Khoa Lý luận chính trị,Chưa phân loại,Chưa phân ngành,v59-empty-program-students,s-693a4f3e6a0d
V59P18A,2022,Khoa Năng lượng mới,Công nghệ kỹ thuật năng lượng,Công nghệ kỹ thuật năng lượng,v59-empty-program-students,s-69aa083b5c8c
V59P22A,2022,Khoa Điều khiển và Tự động hóa,Kỹ thuật Robot,Kỹ thuật Robot,v59-empty-program-students,s-69f43cd9b2b7
V59P25A,2022,Khoa Cơ khí - ô tô và Xây dựng,Công nghệ kỹ thuật ô tô,Công nghệ kỹ thuật ô tô,v59-empty-program-students,s-6a0ede3d995a
V59P30A,2022,Khoa Quản trị Kinh doanh và Du lịch,Luật kinh tế,Luật kinh tế,v59-empty-program-students,s-6a56102b096a
V59P34A,2022,Khoa Quản trị Kinh doanh và Du lịch,Kinh doanh quốc tế,Kinh doanh quốc tế,v59-empty-program-students,s-6a5f8a379a1a
V59P38A,2022,Khoa Năng lượng mới,Vật lý kỹ thuật,Vật lý kỹ thuật,v59-empty-program-students,s-6b52bb5a227a
V59P23A,2022,Khoa Công nghệ Thông tin,Khoa học dữ liệu,Khoa học dữ liệu,v59-empty-program-students,s-6b6c8c65ba64
V59P29A,2022,Khoa Khoa học Cơ bản,Toán tin,Toán tin,v59-empty-program-students,s-6c426952abd1
V59P36A,2022,Khoa Quản lý Công nghiệp và Năng lượng,Kỹ thuật công nghiệp,Kỹ thuật công nghiệp,v59-empty-program-students,s-6c58170a073f
V59P30A,2022,Khoa Quản trị Kinh doanh và Du lịch,Luật kinh tế,Luật kinh tế,v59-empty-program-students,s-6c6227b66c5f
V59P35A,2022,Khoa Công nghệ Thông tin,Mạng máy tính và truyền thông dữ liệu,Mạng máy tính và truyền thông dữ liệu,v59-empty-program-students,s-6c8d612444fd
V59P26A,2022,Khoa Quản trị Kinh doanh và Du lịch,Quản trị khách sạn,Quản trị khách sạn,v59-empty-program-students,s-6c9da419dbdf
V59P27A,2022,Khoa Quản trị Kinh doanh và Du lịch,Marketing,Marketing,v59-empty-program-students,s-6e117b714e72
V59P38A,2022,Khoa Năng lượng mới,Vật lý kỹ thuật,Vật lý kỹ thuật,v59-empty-program-students,s-6e31a81a6176
V59P38A,2022,Khoa Năng lượng mới,Vật lý kỹ thuật,Vật lý kỹ thuật,v59-empty-program-students,s-6e61b87f4f50
V59P28A,2022,Khoa Kế toán - Tài chính,Công nghệ tài chính,Công nghệ tài chính,v59-empty-program-students,s-6eb9a1d6c805
V59P24A,2022,Khoa Điện tử Viễn thông,Kỹ thuật máy tính,Kỹ thuật máy tính,v59-empty-program-students,s-6f1c3ed0768c
V59P32A,2022,Khoa Năng lượng mới,Công nghệ vật liệu,Công nghệ vật liệu,v59-empty-program-students,s-6f801ad342f9
V59P18A,2022,Khoa Năng lượng mới,Công nghệ kỹ thuật năng lượng,Công nghệ kỹ thuật năng lượng,v59-empty-program-students,s-6f83265eb998
V59P27A,2022,Khoa Quản trị Kinh doanh và Du lịch,Marketing,Marketing,v59-empty-program-students,s-6fd81bea8536
V59P28A,2022,Khoa Kế toán - Tài chính,Công nghệ tài chính,Công nghệ tài chính,v59-empty-program-students,s-700ccc2d991c
V59P30A,2022,Khoa Quản trị Kinh doanh và Du lịch,Luật kinh tế,Luật kinh tế,v59-empty-program-students,s-707013f4824b
V59P40A,2022,Khoa Lý luận chính trị,Chưa phân loại,Chưa phân ngành,v59-empty-program-students,s-707cde93c298
V59P33A,2022,Khoa Năng lượng mới,Công nghệ kỹ thuật hạt nhân,Công nghệ kỹ thuật hạt nhân,v59-empty-program-students,s-70f66d8598a6
V59P34A,2022,Khoa Quản trị Kinh doanh và Du lịch,Kinh doanh quốc tế,Kinh doanh quốc tế,v59-empty-program-students,s-71cba0d0621d
V59P29A,2022,Khoa Khoa học Cơ bản,Toán tin,Toán tin,v59-empty-program-students,s-72a52faa1044
V59P36A,2022,Khoa Quản lý Công nghiệp và Năng lượng,Kỹ thuật công nghiệp,Kỹ thuật công nghiệp,v59-empty-program-students,s-735f2c0fb697
V59P30A,2022,Khoa Quản trị Kinh doanh và Du lịch,Luật kinh tế,Luật kinh tế,v59-empty-program-students,s-736fd7518b38
V59P25A,2022,Khoa Cơ khí - ô tô và Xây dựng,Công nghệ kỹ thuật ô tô,Công nghệ kỹ thuật ô tô,v59-empty-program-students,s-7387ffedb673
V59P19A,2022,Khoa Năng lượng mới,Kỹ thuật nhiệt,Kỹ thuật nhiệt,v59-empty-program-students,s-74f4f8bdb330
V59P17A,2022,Khoa Năng lượng mới,Chưa phân loại,Chưa phân ngành,v59-empty-program-students,s-751137d0bc15
V59P19A,2022,Khoa Năng lượng mới,Kỹ thuật nhiệt,Kỹ thuật nhiệt,v59-empty-program-students,s-75815a205e88
V59P24A,2022,Khoa Điện tử Viễn thông,Kỹ thuật máy tính,Kỹ thuật máy tính,v59-empty-program-students,s-758f1b79dee7
V59P17A,2022,Khoa Năng lượng mới,Chưa phân loại,Chưa phân ngành,v59-empty-program-students,s-75b8fc7256c2
V59P36A,2022,Khoa Quản lý Công nghiệp và Năng lượng,Kỹ thuật công nghiệp,Kỹ thuật công nghiệp,v59-empty-program-students,s-769cd062ac90
V59P36A,2022,Khoa Quản lý Công nghiệp và Năng lượng,Kỹ thuật công nghiệp,Kỹ thuật công nghiệp,v59-empty-program-students,s-77441cb89bad
V59P34A,2022,Khoa Quản trị Kinh doanh và Du lịch,Kinh doanh quốc tế,Kinh doanh quốc tế,v59-empty-program-students,s-77848dfbd737
V59P40A,2022,Khoa Lý luận chính trị,Chưa phân loại,Chưa phân ngành,v59-empty-program-students,s-77c2b642c062
V59P34A,2022,Khoa Quản trị Kinh doanh và Du lịch,Kinh doanh quốc tế,Kinh doanh quốc tế,v59-empty-program-students,s-785630fd455a
V59P17A,2022,Khoa Năng lượng mới,Chưa phân loại,Chưa phân ngành,v59-empty-program-students,s-79c8aa651a1f
V59P25A,2022,Khoa Cơ khí - ô tô và Xây dựng,Công nghệ kỹ thuật ô tô,Công nghệ kỹ thuật ô tô,v59-empty-program-students,s-79fe6f5d57c9
V59P39A,2022,Khoa GDTC & QP,Chưa phân loại,Chưa phân ngành,v59-empty-program-students,s-7b0a7ee48175
V59P26A,2022,Khoa Quản trị Kinh doanh và Du lịch,Quản trị khách sạn,Quản trị khách sạn,v59-empty-program-students,s-7c22aacb8973
V59P20A,2022,Khoa Năng lượng mới,Công nghệ kỹ thuật môi trường,Công nghệ kỹ thuật môi trường,v59-empty-program-students,s-7c4db2f1e85f
V59P19A,2022,Khoa Năng lượng mới,Kỹ thuật nhiệt,Kỹ thuật nhiệt,v59-empty-program-students,s-7d5ef284abb7
V59P37A,2022,Khoa Kỹ thuật điện,Kỹ thuật hệ thống công nghiệp,Kỹ thuật hệ thống công nghiệp,v59-empty-program-students,s-7ea81d4c7fd5
V59P28A,2022,Khoa Kế toán - Tài chính,Công nghệ tài chính,Công nghệ tài chính,v59-empty-program-students,s-7f2e0fef90b0
V59P27A,2022,Khoa Quản trị Kinh doanh và Du lịch,Marketing,Marketing,v59-empty-program-students,s-806c6b51ee4f
V59P22A,2022,Khoa Điều khiển và Tự động hóa,Kỹ thuật Robot,Kỹ thuật Robot,v59-empty-program-students,s-81d929b9d3b8
V59P30A,2022,Khoa Quản trị Kinh doanh và Du lịch,Luật kinh tế,Luật kinh tế,v59-empty-program-students,s-8201501a9bc5
V59P26A,2022,Khoa Quản trị Kinh doanh và Du lịch,Quản trị khách sạn,Quản trị khách sạn,v59-empty-program-students,s-824e327bffb1
V59P26A,2022,Khoa Quản trị Kinh doanh và Du lịch,Quản trị khách sạn,Quản trị khách sạn,v59-empty-program-students,s-827a4b1bee96
V59P39A,2022,Khoa GDTC & QP,Chưa phân loại,Chưa phân ngành,v59-empty-program-students,s-82d4f23c0351
V59P29A,2022,Khoa Khoa học Cơ bản,Toán tin,Toán tin,v59-empty-program-students,s-8317f53e24f2
V59P40A,2022,Khoa Lý luận chính trị,Chưa phân loại,Chưa phân ngành,v59-empty-program-students,s-8324bb5673bc
V59P25A,2022,Khoa Cơ khí - ô tô và Xây dựng,Công nghệ kỹ thuật ô tô,Công nghệ kỹ thuật ô tô,v59-empty-program-students,s-832e17794621
V59P36A,2022,Khoa Quản lý Công nghiệp và Năng lượng,Kỹ thuật công nghiệp,Kỹ thuật công nghiệp,v59-empty-program-students,s-833c0ef64d32
V59P32A,2022,Khoa Năng lượng mới,Công nghệ vật liệu,Công nghệ vật liệu,v59-empty-program-students,s-83e27823c64d
V59P18A,2022,Khoa Năng lượng mới,Công nghệ kỹ thuật năng lượng,Công nghệ kỹ thuật năng lượng,v59-empty-program-students,s-842157a97c28
V59P32A,2022,Khoa Năng lượng mới,Công nghệ vật liệu,Công nghệ vật liệu,v59-empty-program-students,s-845b2886c1d7
V59P19A,2022,Khoa Năng lượng mới,Kỹ thuật nhiệt,Kỹ thuật nhiệt,v59-empty-program-students,s-84d663545615
V59P22A,2022,Khoa Điều khiển và Tự động hóa,Kỹ thuật Robot,Kỹ thuật Robot,v59-empty-program-students,s-856066818b10
V59P30A,2022,Khoa Quản trị Kinh doanh và Du lịch,Luật kinh tế,Luật kinh tế,v59-empty-program-students,s-859419d0f7b0
V59P33A,2022,Khoa Năng lượng mới,Công nghệ kỹ thuật hạt nhân,Công nghệ kỹ thuật hạt nhân,v59-empty-program-students,s-85afef2a6604
V59P24A,2022,Khoa Điện tử Viễn thông,Kỹ thuật máy tính,Kỹ thuật máy tính,v59-empty-program-students,s-86b200a95eee
V59P20A,2022,Khoa Năng lượng mới,Công nghệ kỹ thuật môi trường,Công nghệ kỹ thuật môi trường,v59-empty-program-students,s-877e36c5dc3e
V59P23A,2022,Khoa Công nghệ Thông tin,Khoa học dữ liệu,Khoa học dữ liệu,v59-empty-program-students,s-8858d49fe514
V59P38A,2022,Khoa Năng lượng mới,Vật lý kỹ thuật,Vật lý kỹ thuật,v59-empty-program-students,s-88b1e7b5fa2e
V59P28A,2022,Khoa Kế toán - Tài chính,Công nghệ tài chính,Công nghệ tài chính,v59-empty-program-students,s-89aa1593b6ef
V59P22A,2022,Khoa Điều khiển và Tự động hóa,Kỹ thuật Robot,Kỹ thuật Robot,v59-empty-program-students,s-8a0d9b088e50
V59P32A,2022,Khoa Năng lượng mới,Công nghệ vật liệu,Công nghệ vật liệu,v59-empty-program-students,s-8a41aaed2322
V59P17A,2022,Khoa Năng lượng mới,Chưa phân loại,Chưa phân ngành,v59-empty-program-students,s-8a61009c7ece
V59P19A,2022,Khoa Năng lượng mới,Kỹ thuật nhiệt,Kỹ thuật nhiệt,v59-empty-program-students,s-8b04cf57b74f
V59P19A,2022,Khoa Năng lượng mới,Kỹ thuật nhiệt,Kỹ thuật nhiệt,v59-empty-program-students,s-8b793713ef46
V59P38A,2022,Khoa Năng lượng mới,Vật lý kỹ thuật,Vật lý kỹ thuật,v59-empty-program-students,s-8ccae767d0a9
V59P38A,2022,Khoa Năng lượng mới,Vật lý kỹ thuật,Vật lý kỹ thuật,v59-empty-program-students,s-8e71e2d1cc3f
V59P34A,2022,Khoa Quản trị Kinh doanh và Du lịch,Kinh doanh quốc tế,Kinh doanh quốc tế,v59-empty-program-students,s-8f5bab86c776
V59P27A,2022,Khoa Quản trị Kinh doanh và Du lịch,Marketing,Marketing,v59-empty-program-students,s-8ff1f6c40adb
V59P37A,2022,Khoa Kỹ thuật điện,Kỹ thuật hệ thống công nghiệp,Kỹ thuật hệ thống công nghiệp,v59-empty-program-students,s-8ffb86208b2f
V59P37A,2022,Khoa Kỹ thuật điện,Kỹ thuật hệ thống công nghiệp,Kỹ thuật hệ thống công nghiệp,v59-empty-program-students,s-907be94a7e4a
V59P25A,2022,Khoa Cơ khí - ô tô và Xây dựng,Công nghệ kỹ thuật ô tô,Công nghệ kỹ thuật ô tô,v59-empty-program-students,s-9084f4487a97
V59P33A,2022,Khoa Năng lượng mới,Công nghệ kỹ thuật hạt nhân,Công nghệ kỹ thuật hạt nhân,v59-empty-program-students,s-90b1ba4e698e
V59P22A,2022,Khoa Điều khiển và Tự động hóa,Kỹ thuật Robot,Kỹ thuật Robot,v59-empty-program-students,s-91073552e467
V59P37A,2022,Khoa Kỹ thuật điện,Kỹ thuật hệ thống công nghiệp,Kỹ thuật hệ thống công nghiệp,v59-empty-program-students,s-9227c753b487
V59P18A,2022,Khoa Năng lượng mới,Công nghệ kỹ thuật năng lượng,Công nghệ kỹ thuật năng lượng,v59-empty-program-students,s-92525e325855
V59P31A,2022,Khoa Ngoại ngữ,Ngôn ngữ Anh,Ngôn ngữ Anh,v59-empty-program-students,s-927a623e4616
V59P25A,2022,Khoa Cơ khí - ô tô và Xây dựng,Công nghệ kỹ thuật ô tô,Công nghệ kỹ thuật ô tô,v59-empty-program-students,s-9548e69ab891
V59P33A,2022,Khoa Năng lượng mới,Công nghệ kỹ thuật hạt nhân,Công nghệ kỹ thuật hạt nhân,v59-empty-program-students,s-9599d7887785
V59P37A,2022,Khoa Kỹ thuật điện,Kỹ thuật hệ thống công nghiệp,Kỹ thuật hệ thống công nghiệp,v59-empty-program-students,s-960e7eaf672c
V59P39A,2022,Khoa GDTC & QP,Chưa phân loại,Chưa phân ngành,v59-empty-program-students,s-97601900382d
V59P30A,2022,Khoa Quản trị Kinh doanh và Du lịch,Luật kinh tế,Luật kinh tế,v59-empty-program-students,s-977a94991f45
V59P18A,2022,Khoa Năng lượng mới,Công nghệ kỹ thuật năng lượng,Công nghệ kỹ thuật năng lượng,v59-empty-program-students,s-977decbb20cc
V59P18A,2022,Khoa Năng lượng mới,Công nghệ kỹ thuật năng lượng,Công nghệ kỹ thuật năng lượng,v59-empty-program-students,s-98a9fcff5a4a
V59P26A,2022,Khoa Quản trị Kinh doanh và Du lịch,Quản trị khách sạn,Quản trị khách sạn,v59-empty-program-students,s-99c85a64b569
V59P38A,2022,Khoa Năng lượng mới,Vật lý kỹ thuật,Vật lý kỹ thuật,v59-empty-program-students,s-99cb1b55c972
V59P33A,2022,Khoa Năng lượng mới,Công nghệ kỹ thuật hạt nhân,Công nghệ kỹ thuật hạt nhân,v59-empty-program-students,s-99e16c2a4b30
V59P24A,2022,Khoa Điện tử Viễn thông,Kỹ thuật máy tính,Kỹ thuật máy tính,v59-empty-program-students,s-9a38665f44d1
V59P37A,2022,Khoa Kỹ thuật điện,Kỹ thuật hệ thống công nghiệp,Kỹ thuật hệ thống công nghiệp,v59-empty-program-students,s-9a3f92495591
V59P22A,2022,Khoa Điều khiển và Tự động hóa,Kỹ thuật Robot,Kỹ thuật Robot,v59-empty-program-students,s-9a8025321b67
V59P23A,2022,Khoa Công nghệ Thông tin,Khoa học dữ liệu,Khoa học dữ liệu,v59-empty-program-students,s-9adb355fdb54
V59P24A,2022,Khoa Điện tử Viễn thông,Kỹ thuật máy tính,Kỹ thuật máy tính,v59-empty-program-students,s-9b0f6b0d235b
V59P27A,2022,Khoa Quản trị Kinh doanh và Du lịch,Marketing,Marketing,v59-empty-program-students,s-9b5ddbd6d32a
V59P38A,2022,Khoa Năng lượng mới,Vật lý kỹ thuật,Vật lý kỹ thuật,v59-empty-program-students,s-9b61a705c336
V59P20A,2022,Khoa Năng lượng mới,Công nghệ kỹ thuật môi trường,Công nghệ kỹ thuật môi trường,v59-empty-program-students,s-9ba00470f42e
V59P19A,2022,Khoa Năng lượng mới,Kỹ thuật nhiệt,Kỹ thuật nhiệt,v59-empty-program-students,s-9c2cd825d57b
V59P34A,2022,Khoa Quản trị Kinh doanh và Du lịch,Kinh doanh quốc tế,Kinh doanh quốc tế,v59-empty-program-students,s-9d448ee7d333
V59P25A,2022,Khoa Cơ khí - ô tô và Xây dựng,Công nghệ kỹ thuật ô tô,Công nghệ kỹ thuật ô tô,v59-empty-program-students,s-9d7c77be97bc
V59P27A,2022,Khoa Quản trị Kinh doanh và Du lịch,Marketing,Marketing,v59-empty-program-students,s-9dd6692c84f3
V59P40A,2022,Khoa Lý luận chính trị,Chưa phân loại,Chưa phân ngành,v59-empty-program-students,s-9ddc4e9a7c86
V59P24A,2022,Khoa Điện tử Viễn thông,Kỹ thuật máy tính,Kỹ thuật máy tính,v59-empty-program-students,s-9e4370735bf9
V59P35A,2022,Khoa Công nghệ Thông tin,Mạng máy tính và truyền thông dữ liệu,Mạng máy tính và truyền thông dữ liệu,v59-empty-program-students,s-9f2418da504e
V59P17A,2022,Khoa Năng lượng mới,Chưa phân loại,Chưa phân ngành,v59-empty-program-students,s-9f841cc9259b
V59P20A,2022,Khoa Năng lượng mới,Công nghệ kỹ thuật môi trường,Công nghệ kỹ thuật môi trường,v59-empty-program-students,s-a0ad9b1340d9
V59P34A,2022,Khoa Quản trị Kinh doanh và Du lịch,Kinh doanh quốc tế,Kinh doanh quốc tế,v59-empty-program-students,s-a0c7d6503200
V59P20A,2022,Khoa Năng lượng mới,Công nghệ kỹ thuật môi trường,Công nghệ kỹ thuật môi trường,v59-empty-program-students,s-a0f3604d7e0d
V59P29A,2022,Khoa Khoa học Cơ bản,Toán tin,Toán tin,v59-empty-program-students,s-a144e8ac6bcd
V59P28A,2022,Khoa Kế toán - Tài chính,Công nghệ tài chính,Công nghệ tài chính,v59-empty-program-students,s-a226bbd1f898
V59P28A,2022,Khoa Kế toán - Tài chính,Công nghệ tài chính,Công nghệ tài chính,v59-empty-program-students,s-a30e04130c5b
V59P26A,2022,Khoa Quản trị Kinh doanh và Du lịch,Quản trị khách sạn,Quản trị khách sạn,v59-empty-program-students,s-a321925c026d
V59P25A,2022,Khoa Cơ khí - ô tô và Xây dựng,Công nghệ kỹ thuật ô tô,Công nghệ kỹ thuật ô tô,v59-empty-program-students,s-a36abbe81eff
V59P17A,2022,Khoa Năng lượng mới,Chưa phân loại,Chưa phân ngành,v59-empty-program-students,s-a493f57a8ffb
V59P29A,2022,Khoa Khoa học Cơ bản,Toán tin,Toán tin,v59-empty-program-students,s-a4e02686db76
V59P23A,2022,Khoa Công nghệ Thông tin,Khoa học dữ liệu,Khoa học dữ liệu,v59-empty-program-students,s-a54638a2de27
V59P26A,2022,Khoa Quản trị Kinh doanh và Du lịch,Quản trị khách sạn,Quản trị khách sạn,v59-empty-program-students,s-a6f8da67dc92
V59P34A,2022,Khoa Quản trị Kinh doanh và Du lịch,Kinh doanh quốc tế,Kinh doanh quốc tế,v59-empty-program-students,s-a79b6f6a1ed2
V59P24A,2022,Khoa Điện tử Viễn thông,Kỹ thuật máy tính,Kỹ thuật máy tính,v59-empty-program-students,s-a86fdad5b7c3
V59P17A,2022,Khoa Năng lượng mới,Chưa phân loại,Chưa phân ngành,v59-empty-program-students,s-a89b49e3704d
V59P28A,2022,Khoa Kế toán - Tài chính,Công nghệ tài chính,Công nghệ tài chính,v59-empty-program-students,s-a907d56819ad
V59P36A,2022,Khoa Quản lý Công nghiệp và Năng lượng,Kỹ thuật công nghiệp,Kỹ thuật công nghiệp,v59-empty-program-students,s-a97b8bd2f569
V59P22A,2022,Khoa Điều khiển và Tự động hóa,Kỹ thuật Robot,Kỹ thuật Robot,v59-empty-program-students,s-a9ef9c4b52ec
V59P37A,2022,Khoa Kỹ thuật điện,Kỹ thuật hệ thống công nghiệp,Kỹ thuật hệ thống công nghiệp,v59-empty-program-students,s-aadc8a5b06b5
V59P28A,2022,Khoa Kế toán - Tài chính,Công nghệ tài chính,Công nghệ tài chính,v59-empty-program-students,s-ab512e694eef
V59P33A,2022,Khoa Năng lượng mới,Công nghệ kỹ thuật hạt nhân,Công nghệ kỹ thuật hạt nhân,v59-empty-program-students,s-ac0db752a42f
V59P40A,2022,Khoa Lý luận chính trị,Chưa phân loại,Chưa phân ngành,v59-empty-program-students,s-ac3693349362
V59P32A,2022,Khoa Năng lượng mới,Công nghệ vật liệu,Công nghệ vật liệu,v59-empty-program-students,s-ac7b1120b792
V59P31A,2022,Khoa Ngoại ngữ,Ngôn ngữ Anh,Ngôn ngữ Anh,v59-empty-program-students,s-acd6c69c2134
V59P17A,2022,Khoa Năng lượng mới,Chưa phân loại,Chưa phân ngành,v59-empty-program-students,s-adc7ed60cd5d
V59P32A,2022,Khoa Năng lượng mới,Công nghệ vật liệu,Công nghệ vật liệu,v59-empty-program-students,s-add7636cc3c5
V59P31A,2022,Khoa Ngoại ngữ,Ngôn ngữ Anh,Ngôn ngữ Anh,v59-empty-program-students,s-af6401748616
V59P30A,2022,Khoa Quản trị Kinh doanh và Du lịch,Luật kinh tế,Luật kinh tế,v59-empty-program-students,s-b09eabd7cb78
V59P30A,2022,Khoa Quản trị Kinh doanh và Du lịch,Luật kinh tế,Luật kinh tế,v59-empty-program-students,s-b13467da142e
V59P18A,2022,Khoa Năng lượng mới,Công nghệ kỹ thuật năng lượng,Công nghệ kỹ thuật năng lượng,v59-empty-program-students,s-b14f82ee5732
V59P37A,2022,Khoa Kỹ thuật điện,Kỹ thuật hệ thống công nghiệp,Kỹ thuật hệ thống công nghiệp,v59-empty-program-students,s-b23b5f9de80f
V59P38A,2022,Khoa Năng lượng mới,Vật lý kỹ thuật,Vật lý kỹ thuật,v59-empty-program-students,s-b45726037803
V59P18A,2022,Khoa Năng lượng mới,Công nghệ kỹ thuật năng lượng,Công nghệ kỹ thuật năng lượng,v59-empty-program-students,s-b4acbae36afc
V59P25A,2022,Khoa Cơ khí - ô tô và Xây dựng,Công nghệ kỹ thuật ô tô,Công nghệ kỹ thuật ô tô,v59-empty-program-students,s-b4f748c5018b
V59P19A,2022,Khoa Năng lượng mới,Kỹ thuật nhiệt,Kỹ thuật nhiệt,v59-empty-program-students,s-b562d5e46043
V59P40A,2022,Khoa Lý luận chính trị,Chưa phân loại,Chưa phân ngành,v59-empty-program-students,s-b78044a8d1d7
V59P30A,2022,Khoa Quản trị Kinh doanh và Du lịch,Luật kinh tế,Luật kinh tế,v59-empty-program-students,s-b7c693328035
V59P28A,2022,Khoa Kế toán - Tài chính,Công nghệ tài chính,Công nghệ tài chính,v59-empty-program-students,s-b81348b7f810
V59P31A,2022,Khoa Ngoại ngữ,Ngôn ngữ Anh,Ngôn ngữ Anh,v59-empty-program-students,s-b82299b9e4fe
V59P28A,2022,Khoa Kế toán - Tài chính,Công nghệ tài chính,Công nghệ tài chính,v59-empty-program-students,s-b84f6de0f0fe
V59P23A,2022,Khoa Công nghệ Thông tin,Khoa học dữ liệu,Khoa học dữ liệu,v59-empty-program-students,s-ba7e890af310
V59P18A,2022,Khoa Năng lượng mới,Công nghệ kỹ thuật năng lượng,Công nghệ kỹ thuật năng lượng,v59-empty-program-students,s-bb7b6c7ae395
V59P35A,2022,Khoa Công nghệ Thông tin,Mạng máy tính và truyền thông dữ liệu,Mạng máy tính và truyền thông dữ liệu,v59-empty-program-students,s-bbd3d3619fb3
V59P31A,2022,Khoa Ngoại ngữ,Ngôn ngữ Anh,Ngôn ngữ Anh,v59-empty-program-students,s-bc334b6853ed
V59P18A,2022,Khoa Năng lượng mới,Công nghệ kỹ thuật năng lượng,Công nghệ kỹ thuật năng lượng,v59-empty-program-students,s-bc33a5275e53
V59P22A,2022,Khoa Điều khiển và Tự động hóa,Kỹ thuật Robot,Kỹ thuật Robot,v59-empty-program-students,s-bd39f8916b42
V59P20A,2022,Khoa Năng lượng mới,Công nghệ kỹ thuật môi trường,Công nghệ kỹ thuật môi trường,v59-empty-program-students,s-bdd154cbed4e
V59P27A,2022,Khoa Quản trị Kinh doanh và Du lịch,Marketing,Marketing,v59-empty-program-students,s-bdf68355dde6
V59P29A,2022,Khoa Khoa học Cơ bản,Toán tin,Toán tin,v59-empty-program-students,s-bef462bf3b76
V59P27A,2022,Khoa Quản trị Kinh doanh và Du lịch,Marketing,Marketing,v59-empty-program-students,s-bfbb5a77e7c3
V59P22A,2022,Khoa Điều khiển và Tự động hóa,Kỹ thuật Robot,Kỹ thuật Robot,v59-empty-program-students,s-bfe6043747f0
V59P33A,2022,Khoa Năng lượng mới,Công nghệ kỹ thuật hạt nhân,Công nghệ kỹ thuật hạt nhân,v59-empty-program-students,s-c0450d07a1f7
V59P35A,2022,Khoa Công nghệ Thông tin,Mạng máy tính và truyền thông dữ liệu,Mạng máy tính và truyền thông dữ liệu,v59-empty-program-students,s-c04c205fcaad
V59P27A,2022,Khoa Quản trị Kinh doanh và Du lịch,Marketing,Marketing,v59-empty-program-students,s-c131bcd8e9d6
V59P25A,2022,Khoa Cơ khí - ô tô và Xây dựng,Công nghệ kỹ thuật ô tô,Công nghệ kỹ thuật ô tô,v59-empty-program-students,s-c32824cbdd57
V59P40A,2022,Khoa Lý luận chính trị,Chưa phân loại,Chưa phân ngành,v59-empty-program-students,s-c3bef431e4e7
V59P37A,2022,Khoa Kỹ thuật điện,Kỹ thuật hệ thống công nghiệp,Kỹ thuật hệ thống công nghiệp,v59-empty-program-students,s-c425d37fd473
V59P26A,2022,Khoa Quản trị Kinh doanh và Du lịch,Quản trị khách sạn,Quản trị khách sạn,v59-empty-program-students,s-c437b388c87d
V59P26A,2022,Khoa Quản trị Kinh doanh và Du lịch,Quản trị khách sạn,Quản trị khách sạn,v59-empty-program-students,s-c445589cd13e
V59P17A,2022,Khoa Năng lượng mới,Chưa phân loại,Chưa phân ngành,v59-empty-program-students,s-c483a4d1218b
V59P35A,2022,Khoa Công nghệ Thông tin,Mạng máy tính và truyền thông dữ liệu,Mạng máy tính và truyền thông dữ liệu,v59-empty-program-students,s-c4b12c688e51
V59P36A,2022,Khoa Quản lý Công nghiệp và Năng lượng,Kỹ thuật công nghiệp,Kỹ thuật công nghiệp,v59-empty-program-students,s-c5544a1c34d1
V59P29A,2022,Khoa Khoa học Cơ bản,Toán tin,Toán tin,v59-empty-program-students,s-c69b87b2553f
V59P20A,2022,Khoa Năng lượng mới,Công nghệ kỹ thuật môi trường,Công nghệ kỹ thuật môi trường,v59-empty-program-students,s-c6d56880d3c7
V59P36A,2022,Khoa Quản lý Công nghiệp và Năng lượng,Kỹ thuật công nghiệp,Kỹ thuật công nghiệp,v59-empty-program-students,s-c7b294fa9eb5
V59P23A,2022,Khoa Công nghệ Thông tin,Khoa học dữ liệu,Khoa học dữ liệu,v59-empty-program-students,s-c7e839cacf4d
V59P32A,2022,Khoa Năng lượng mới,Công nghệ vật liệu,Công nghệ vật liệu,v59-empty-program-students,s-c8a1c1c52365
V59P23A,2022,Khoa Công nghệ Thông tin,Khoa học dữ liệu,Khoa học dữ liệu,v59-empty-program-students,s-c963d46e1a73
V59P28A,2022,Khoa Kế toán - Tài chính,Công nghệ tài chính,Công nghệ tài chính,v59-empty-program-students,s-c96b59a125fd
V59P22A,2022,Khoa Điều khiển và Tự động hóa,Kỹ thuật Robot,Kỹ thuật Robot,v59-empty-program-students,s-ca0bd28e6db2
V59P27A,2022,Khoa Quản trị Kinh doanh và Du lịch,Marketing,Marketing,v59-empty-program-students,s-cbd5462c1e04
V59P31A,2022,Khoa Ngoại ngữ,Ngôn ngữ Anh,Ngôn ngữ Anh,v59-empty-program-students,s-cbea5672ef90
V59P29A,2022,Khoa Khoa học Cơ bản,Toán tin,Toán tin,v59-empty-program-students,s-cc0f57300427
V59P37A,2022,Khoa Kỹ thuật điện,Kỹ thuật hệ thống công nghiệp,Kỹ thuật hệ thống công nghiệp,v59-empty-program-students,s-cc6809135f9b
V59P26A,2022,Khoa Quản trị Kinh doanh và Du lịch,Quản trị khách sạn,Quản trị khách sạn,v59-empty-program-students,s-cc8e7c1bac05
V59P20A,2022,Khoa Năng lượng mới,Công nghệ kỹ thuật môi trường,Công nghệ kỹ thuật môi trường,v59-empty-program-students,s-ccd1a302cb73
V59P33A,2022,Khoa Năng lượng mới,Công nghệ kỹ thuật hạt nhân,Công nghệ kỹ thuật hạt nhân,v59-empty-program-students,s-cd7b746ad29d
V59P38A,2022,Khoa Năng lượng mới,Vật lý kỹ thuật,Vật lý kỹ thuật,v59-empty-program-students,s-cdd000b7717b
V59P19A,2022,Khoa Năng lượng mới,Kỹ thuật nhiệt,Kỹ thuật nhiệt,v59-empty-program-students,s-cdec5a6a1da3
V59P23A,2022,Khoa Công nghệ Thông tin,Khoa học dữ liệu,Khoa học dữ liệu,v59-empty-program-students,s-cdee5d9dfabd
V59P35A,2022,Khoa Công nghệ Thông tin,Mạng máy tính và truyền thông dữ liệu,Mạng máy tính và truyền thông dữ liệu,v59-empty-program-students,s-cdf1f08c7ed8
V59P40A,2022,Khoa Lý luận chính trị,Chưa phân loại,Chưa phân ngành,v59-empty-program-students,s-cece8f2311b7
V59P27A,2022,Khoa Quản trị Kinh doanh và Du lịch,Marketing,Marketing,v59-empty-program-students,s-ceefda85303b
V59P29A,2022,Khoa Khoa học Cơ bản,Toán tin,Toán tin,v59-empty-program-students,s-cef5e69ed1b0
V59P35A,2022,Khoa Công nghệ Thông tin,Mạng máy tính và truyền thông dữ liệu,Mạng máy tính và truyền thông dữ liệu,v59-empty-program-students,s-cf7e562d53f8
V59P39A,2022,Khoa GDTC & QP,Chưa phân loại,Chưa phân ngành,v59-empty-program-students,s-d2fcda3c0413
V59P31A,2022,Khoa Ngoại ngữ,Ngôn ngữ Anh,Ngôn ngữ Anh,v59-empty-program-students,s-d4d5c7e68fa8
V59P39A,2022,Khoa GDTC & QP,Chưa phân loại,Chưa phân ngành,v59-empty-program-students,s-d5b3ed75a41b
V59P22A,2022,Khoa Điều khiển và Tự động hóa,Kỹ thuật Robot,Kỹ thuật Robot,v59-empty-program-students,s-d5f64fee08fe
V59P26A,2022,Khoa Quản trị Kinh doanh và Du lịch,Quản trị khách sạn,Quản trị khách sạn,v59-empty-program-students,s-d67c37009a0d
V59P40A,2022,Khoa Lý luận chính trị,Chưa phân loại,Chưa phân ngành,v59-empty-program-students,s-d754bc685653
V59P17A,2022,Khoa Năng lượng mới,Chưa phân loại,Chưa phân ngành,v59-empty-program-students,s-d77213b5c92b
V59P17A,2022,Khoa Năng lượng mới,Chưa phân loại,Chưa phân ngành,v59-empty-program-students,s-d7ae9dbceb84
V59P36A,2022,Khoa Quản lý Công nghiệp và Năng lượng,Kỹ thuật công nghiệp,Kỹ thuật công nghiệp,v59-empty-program-students,s-d81c51e33e29
V59P31A,2022,Khoa Ngoại ngữ,Ngôn ngữ Anh,Ngôn ngữ Anh,v59-empty-program-students,s-d8fe9bf4f84b
V59P24A,2022,Khoa Điện tử Viễn thông,Kỹ thuật máy tính,Kỹ thuật máy tính,v59-empty-program-students,s-d9912dc8aef5
V59P30A,2022,Khoa Quản trị Kinh doanh và Du lịch,Luật kinh tế,Luật kinh tế,v59-empty-program-students,s-d9d99ee811f9
V59P28A,2022,Khoa Kế toán - Tài chính,Công nghệ tài chính,Công nghệ tài chính,v59-empty-program-students,s-d9ffaedf1d71
V59P28A,2022,Khoa Kế toán - Tài chính,Công nghệ tài chính,Công nghệ tài chính,v59-empty-program-students,s-db24307ebefe
V59P33A,2022,Khoa Năng lượng mới,Công nghệ kỹ thuật hạt nhân,Công nghệ kỹ thuật hạt nhân,v59-empty-program-students,s-db48e0d9a7ed
V59P22A,2022,Khoa Điều khiển và Tự động hóa,Kỹ thuật Robot,Kỹ thuật Robot,v59-empty-program-students,s-db884e1702c2
V59P22A,2022,Khoa Điều khiển và Tự động hóa,Kỹ thuật Robot,Kỹ thuật Robot,v59-empty-program-students,s-dc02c574ae83
V59P39A,2022,Khoa GDTC & QP,Chưa phân loại,Chưa phân ngành,v59-empty-program-students,s-dd144059fd59
V59P35A,2022,Khoa Công nghệ Thông tin,Mạng máy tính và truyền thông dữ liệu,Mạng máy tính và truyền thông dữ liệu,v59-empty-program-students,s-dd242cc5614e
V59P31A,2022,Khoa Ngoại ngữ,Ngôn ngữ Anh,Ngôn ngữ Anh,v59-empty-program-students,s-dfa567778c7b
V59P36A,2022,Khoa Quản lý Công nghiệp và Năng lượng,Kỹ thuật công nghiệp,Kỹ thuật công nghiệp,v59-empty-program-students,s-e0b59d6cde49
V59P38A,2022,Khoa Năng lượng mới,Vật lý kỹ thuật,Vật lý kỹ thuật,v59-empty-program-students,s-e19d9191b697
V59P33A,2022,Khoa Năng lượng mới,Công nghệ kỹ thuật hạt nhân,Công nghệ kỹ thuật hạt nhân,v59-empty-program-students,s-e1dfee4f1cd0
V59P37A,2022,Khoa Kỹ thuật điện,Kỹ thuật hệ thống công nghiệp,Kỹ thuật hệ thống công nghiệp,v59-empty-program-students,s-e212bb6a67b2
V59P17A,2022,Khoa Năng lượng mới,Chưa phân loại,Chưa phân ngành,v59-empty-program-students,s-e253d4b7027d
V59P38A,2022,Khoa Năng lượng mới,Vật lý kỹ thuật,Vật lý kỹ thuật,v59-empty-program-students,s-e25468be8bd4
V59P33A,2022,Khoa Năng lượng mới,Công nghệ kỹ thuật hạt nhân,Công nghệ kỹ thuật hạt nhân,v59-empty-program-students,s-e3f0c4a0297e
V59P39A,2022,Khoa GDTC & QP,Chưa phân loại,Chưa phân ngành,v59-empty-program-students,s-e45d6b310925
V59P39A,2022,Khoa GDTC & QP,Chưa phân loại,Chưa phân ngành,v59-empty-program-students,s-e54a9f22da51
V59P18A,2022,Khoa Năng lượng mới,Công nghệ kỹ thuật năng lượng,Công nghệ kỹ thuật năng lượng,v59-empty-program-students,s-e648b2e29959
V59P24A,2022,Khoa Điện tử Viễn thông,Kỹ thuật máy tính,Kỹ thuật máy tính,v59-empty-program-students,s-e675e218f4fe
V59P29A,2022,Khoa Khoa học Cơ bản,Toán tin,Toán tin,v59-empty-program-students,s-e6a88c12da2f
V59P26A,2022,Khoa Quản trị Kinh doanh và Du lịch,Quản trị khách sạn,Quản trị khách sạn,v59-empty-program-students,s-e776d944b8bc
V59P39A,2022,Khoa GDTC & QP,Chưa phân loại,Chưa phân ngành,v59-empty-program-students,s-e7832d371831
V59P31A,2022,Khoa Ngoại ngữ,Ngôn ngữ Anh,Ngôn ngữ Anh,v59-empty-program-students,s-e7892dae6478
V59P34A,2022,Khoa Quản trị Kinh doanh và Du lịch,Kinh doanh quốc tế,Kinh doanh quốc tế,v59-empty-program-students,s-ea4e8862982e
V59P32A,2022,Khoa Năng lượng mới,Công nghệ vật liệu,Công nghệ vật liệu,v59-empty-program-students,s-ec7059167e77
V59P25A,2022,Khoa Cơ khí - ô tô và Xây dựng,Công nghệ kỹ thuật ô tô,Công nghệ kỹ thuật ô tô,v59-empty-program-students,s-eccec2fe16eb
V59P23A,2022,Khoa Công nghệ Thông tin,Khoa học dữ liệu,Khoa học dữ liệu,v59-empty-program-students,s-ecd0e6e1c319
V59P24A,2022,Khoa Điện tử Viễn thông,Kỹ thuật máy tính,Kỹ thuật máy tính,v59-empty-program-students,s-ed6cfe0abe50
V59P28A,2022,Khoa Kế toán - Tài chính,Công nghệ tài chính,Công nghệ tài chính,v59-empty-program-students,s-edffad1b3c61
V59P34A,2022,Khoa Quản trị Kinh doanh và Du lịch,Kinh doanh quốc tế,Kinh doanh quốc tế,v59-empty-program-students,s-efd83ae55242
V59P35A,2022,Khoa Công nghệ Thông tin,Mạng máy tính và truyền thông dữ liệu,Mạng máy tính và truyền thông dữ liệu,v59-empty-program-students,s-f09a9cb9a0e3
V59P19A,2022,Khoa Năng lượng mới,Kỹ thuật nhiệt,Kỹ thuật nhiệt,v59-empty-program-students,s-f11c48188832
V59P23A,2022,Khoa Công nghệ Thông tin,Khoa học dữ liệu,Khoa học dữ liệu,v59-empty-program-students,s-f126dcab70cc
V59P23A,2022,Khoa Công nghệ Thông tin,Khoa học dữ liệu,Khoa học dữ liệu,v59-empty-program-students,s-f149d1e7566a
V59P24A,2022,Khoa Điện tử Viễn thông,Kỹ thuật máy tính,Kỹ thuật máy tính,v59-empty-program-students,s-f2d3fb038b2e
V59P37A,2022,Khoa Kỹ thuật điện,Kỹ thuật hệ thống công nghiệp,Kỹ thuật hệ thống công nghiệp,v59-empty-program-students,s-f33868cb84b2
V59P30A,2022,Khoa Quản trị Kinh doanh và Du lịch,Luật kinh tế,Luật kinh tế,v59-empty-program-students,s-f37944a258f4
V59P20A,2022,Khoa Năng lượng mới,Công nghệ kỹ thuật môi trường,Công nghệ kỹ thuật môi trường,v59-empty-program-students,s-f40834a5feef
V59P35A,2022,Khoa Công nghệ Thông tin,Mạng máy tính và truyền thông dữ liệu,Mạng máy tính và truyền thông dữ liệu,v59-empty-program-students,s-f464438b70ec
V59P20A,2022,Khoa Năng lượng mới,Công nghệ kỹ thuật môi trường,Công nghệ kỹ thuật môi trường,v59-empty-program-students,s-f4c40df6fb2d
V59P37A,2022,Khoa Kỹ thuật điện,Kỹ thuật hệ thống công nghiệp,Kỹ thuật hệ thống công nghiệp,v59-empty-program-students,s-f5565fb6e7ed
V59P19A,2022,Khoa Năng lượng mới,Kỹ thuật nhiệt,Kỹ thuật nhiệt,v59-empty-program-students,s-f5882e6fc5c9
V59P36A,2022,Khoa Quản lý Công nghiệp và Năng lượng,Kỹ thuật công nghiệp,Kỹ thuật công nghiệp,v59-empty-program-students,s-f5c9b3bf1242
V59P30A,2022,Khoa Quản trị Kinh doanh và Du lịch,Luật kinh tế,Luật kinh tế,v59-empty-program-students,s-f5d3ded02e0e
V59P25A,2022,Khoa Cơ khí - ô tô và Xây dựng,Công nghệ kỹ thuật ô tô,Công nghệ kỹ thuật ô tô,v59-empty-program-students,s-f5eefa2ceb41
V59P37A,2022,Khoa Kỹ thuật điện,Kỹ thuật hệ thống công nghiệp,Kỹ thuật hệ thống công nghiệp,v59-empty-program-students,s-f6d29bde6f0b
V59P20A,2022,Khoa Năng lượng mới,Công nghệ kỹ thuật môi trường,Công nghệ kỹ thuật môi trường,v59-empty-program-students,s-f773408e5612
V59P36A,2022,Khoa Quản lý Công nghiệp và Năng lượng,Kỹ thuật công nghiệp,Kỹ thuật công nghiệp,v59-empty-program-students,s-f9467add15a8
V59P35A,2022,Khoa Công nghệ Thông tin,Mạng máy tính và truyền thông dữ liệu,Mạng máy tính và truyền thông dữ liệu,v59-empty-program-students,s-f94b4d86dff1
V59P32A,2022,Khoa Năng lượng mới,Công nghệ vật liệu,Công nghệ vật liệu,v59-empty-program-students,s-f9992cdc4127
V59P27A,2022,Khoa Quản trị Kinh doanh và Du lịch,Marketing,Marketing,v59-empty-program-students,s-fbf3db6fd68b
V59P33A,2022,Khoa Năng lượng mới,Công nghệ kỹ thuật hạt nhân,Công nghệ kỹ thuật hạt nhân,v59-empty-program-students,s-fcea8b8e20cf
V59P32A,2022,Khoa Năng lượng mới,Công nghệ vật liệu,Công nghệ vật liệu,v59-empty-program-students,s-fe1b18172353
V59P29A,2022,Khoa Khoa học Cơ bản,Toán tin,Toán tin,v59-empty-program-students,s-fedf76b1dd7b
V59P24A,2022,Khoa Điện tử Viễn thông,Kỹ thuật máy tính,Kỹ thuật máy tính,v59-empty-program-students,s-ff0548cbad2d
V59P18A,2022,Khoa Năng lượng mới,Công nghệ kỹ thuật năng lượng,Công nghệ kỹ thuật năng lượng,v59-empty-program-students,s-ff785d830a8d
